Ford,Clorox,Chubb,Hormel Food,Grainger,AT&T,AbbVie,Amcor,Ecolab,Pentair
0.027861796,0.010210479,0.016308719,0.00305546,-0.003423576,0.021119992,0.008035073,0.00918575,0.017173844,0.03264709
0.019786248,-0.011476571,-0.003750296,0.003480446,-0.030234255,0.003650719,-0.001222644,-0.00918575,-0.033473384,-0.011630606
0.026582355,0.016473944,0.023430618,0.018503163,0.027885166,0.016520829,0.018543902,0.023218236,0.031468252,0.013769519
0.008705985,-0.012399931,-0.02365431,-0.017634941,0.008826067,-0.011072989,-0.029800261,0,0.005071897,0.01463602
0.01175105,-0.011846347,0.005621439,-0.003912961,0.011216638,0.022332786,-0.012574145,-0.006578981,0.013094677,0.01026508
0.029165501,0.00685689,-0.000712036,0.019627491,0.032039005,-0.003086366,-0.015593216,0.004938375,0.013379253,0.031996171
0.015760156,0.006110224,0.004397951,-0.006213243,-0.016868795,0,-0.022539945,0.001640606,-0.00565614,0.006438727
-0.054315459,0.022774749,0.007023089,-0.003356576,0.00230283,0.007186795,0.009024948,-0.005754194,0.006822293,0.013150198
-0.003938575,0.012784872,-0.011331979,0.005408278,-0.003823562,-0.011316969,-0.005025697,0.001647363,-0.007996526,0.0001979
-0.020734385,-0.032064789,-0.018239504,-0.041631308,-0.001750944,-0.016167236,-0.024038406,-0.022472846,-0.018778343,-0.005755612
-0.018707265,-0.024938613,-0.006002607,0,-0.041028403,-0.00421493,-0.003289464,-0.011003045,-0.011707896,-0.040597237
0.017901118,0.019621668,0.005367553,0.002695384,0.022582709,0.015195344,0.005899878,0.011003045,0.028395136,0.023254499
0.03174879,0.002102247,0.014233963,0.001569058,0.002638174,-0.006782955,-0.006976541,0.010050438,0.009180704,0.025704119
-0.004698638,-0.004953068,0.02106556,-0.001120563,0.016088142,0.003136216,-0.005806074,-0.021904866,-0.004026462,-0.001190134
0.003917063,0.003469721,0.006199218,0.003581054,-0.019422721,0.063690112,0.000676762,0.003401279,-0.008298912,0.007120405
0.010112792,0.002893967,0.005814989,0,0.009033024,-0.02078258,-0.002642354,0.004235551,-0.003615285,-0.00296067
0.026729428,-0.009774151,-0.016491101,0.002900162,0.012069935,-0.002503067,-0.007627404,0.010092703,0.003156042,0.018410149
-0.029053996,0.011675248,-0.005558093,-0.002453379,0.006154661,0.010471163,-0.004316027,-0.014328254,-0.012351899,-0.016238292
0.046978253,0.017710742,0.006261612,0.011766166,0.024314394,0.010362808,0.014315264,0.023491135,0.028630385,0.088292675
0.020513487,-0.001936988,-0.063750371,0.000661878,0.014433443,-0.009371115,-0.00781391,0.000828801,0.005795865,0.039651152
0.037713472,-0.023896589,-0.015439168,0,0.121882542,0.004943195,-0.012078158,0.010712889,0.022791194,0.043968742
-0.079170162,0.093180244,-0.00157139,-0.002207995,0.000355147,-0.022439355,0.002482377,-0.014032486,-0.038583292,-0.014049397
-0.006826053,-0.014316579,0.018929487,0.008802833,-0.002266484,-0.012687308,-0.001240415,-0.008347131,-0.010492595,-0.019388398
0.023318262,-0.005784642,0.006060598,-0.010130023,0.005914777,-0.016997486,0.000827145,-0.003358618,0.003947572,-0.010704472
-0.00223303,-0.00502288,0.000929202,-0.012472332,-0.021624567,-0.004686368,-0.003658359,-0.05444103,-0.007050756,-0.015745571
0.005202505,-0.005580959,-0.009049285,-0.002019112,-0.004015477,-0.009965937,0.027890349,-0.003558728,-0.03670576,-0.014565095
0.0031472,0.002794267,0.00597988,0.009387724,-0.0044077,0.005257614,0.022278688,0.009756142,0.001713576,-0.012241391
0.02788714,0.01568933,0.003765674,0.009300346,0.018233601,0.0099141,0.01098827,0.01053567,0.012725206,0.023804268
-0.009209706,-0.001439952,-0.010167495,-0.008410936,-0.003040902,-0.005727843,-0.00744316,-0.004376427,0.068654696,-0.002479204
-0.003088633,0.006918982,-0.001736027,0.003328462,0.009154729,0.005208434,-0.0100775,0.009602927,0.034437996,0.00935333
-0.001548103,-0.006918982,-0.012712535,-0.004217872,-0.00384276,0.000519409,-0.010179981,-0.008726163,-0.012026888,-0.010417774
-0.001550261,0.006268437,0.001663242,0.017422386,0.010775989,0.009302332,0.011833633,0.000876088,0.002589345,0.008659631
-0.055015877,0.005128846,-0.008774838,-0.005700549,-0.03173773,-0.011901916,0.004549793,-0.030224473,-0.02632707,-0.037835038
0.000819312,0.000259176,0.00520742,-0.001540243,0.002298526,0.008810725,-0.008788628,0.005400561,0.006615726,-0.001463075
-0.011532251,-0.007734164,-0.006022032,-0.003308729,0.000364873,-0.001549159,0.009249018,0.014260511,-0.002767018,0.008746347
-0.015866768,0.004946284,0.011012872,-0.003541445,0.009318947,-0.005701016,0.0041999,-0.001771575,-0.001386481,0.005608356
0.015037949,0.006664815,0.003644193,-0.006674065,0.016309541,-0.010974675,0.010228288,0.004422882,0.00741345,0.002702556
0.000828819,0.002447746,-0.003122705,-0.009419212,-0.009810639,-0.00632585,-0.002466174,-0.005996347,-0.002444115,0.006456175
0.020500907,-0.00483681,-0.007229222,-0.012470385,0.00385247,-0.013308801,0.00886266,0.000897269,-0.005347634,-0.010422388
0.01849674,0.011505118,-0.005264423,-0.046704725,0.019904632,0,-0.005748423,0.005366771,0.021283268,0.002165327
0.041363581,-0.004162614,-0.006257513,-0.029107088,0.01894281,0.008006472,0.010823315,0.001782542,0.009037063,0.018041018
-0.007674645,-0.024687733,0.004624657,-0.00246427,0.002948652,-0.002128661,-0.005010478,-0.016158342,-0.014796882,-0.006215087
-0.011623427,-0.001053087,-0.006074284,-0.013663271,-0.00714335,-0.003201877,-0.015249881,-0.011834432,-0.019949019,-0.011825931
0.011623427,-0.004355109,-0.016725163,0.006233762,0.008214769,-0.005358935,-0.02201503,0.002743407,0.012092299,0.005213528
-0.041689073,-0.012310303,-0.022375637,-0.012758107,-0.010607123,-0.015705807,-0.01515439,-0.009174335,-0.013170188,-0.025055827
-0.028514995,0.0051423,-0.002366297,-0.013688349,-0.022074236,0.0059864,0.015889422,-0.010190051,0.002660636,-0.031944399
-0.005802094,0.007630834,-0.03289384,0.003821201,-0.004465032,-0.007078775,0.014851348,0.000930768,-0.001709508,-0.008578847
-0.008347305,0.016455527,0.01051851,-0.00050871,0.016561911,0.007621288,0.012426674,0.012939162,0.017526055,0.021216855
-0.018613031,0.01644518,-0.034664424,0.003301452,-0.027168188,-0.007074922,0.001363937,-0.013869929,-0.008504788,-0.031803053
0.009349821,-0.009511796,0.02795958,-0.007124601,0.020147859,0.004359697,0.008016624,0.004644718,-0.00289307,0.007902136
-0.044990294,-0.005633669,-0.026727504,-0.020901411,-0.026517948,-0.014239025,-0.006978648,-0.00837599,-0.026744877,-0.022717334
-0.010676217,0.015848803,0.014825286,0.01063435,0.015538107,0.019662067,0.01224478,0.020352251,0.014435929,0.010354818
0.04717036,0.001788049,0.024487996,-0.006470869,0.010231026,0.002700504,0.004154861,0.006389741,0.009551777,0.025900631
-0.020690493,-0.013424804,-0.022117298,-0.00860607,-0.018097037,-0.008123545,-0.019972295,-0.016514138,-0.013912132,-0.027846238
-0.005240121,-0.000193948,-0.021434133,-0.006042279,-0.004842549,0.003799255,0.010551302,0.002771285,0.009147696,-0.006643163
0.007849966,0.018519638,0.002898989,0.018277279,-0.002678812,0.008092865,0.017362978,0.00826845,0.020920735,0.01498219
0.000868497,0.001649286,0.01262428,0.008245253,0.012072731,0.013874299,-0.003042385,0.003652899,-0.000935705,0.018370303
0.006920506,-0.007443847,0.00338197,0.004863748,0.006204022,-0.007980967,0.004496769,0.005454685,-0.000187478,0.014307429
0.038059479,-0.006985223,0.019330877,0.003568698,-0.001184365,0.014846537,-0.001581074,0.007226625,0.012717069,0.007819828
0.019721273,-0.006840055,0.000827503,-0.001527864,-0.00858435,0.004201537,-0.00050644,0.002696647,0.006451329,-0.002971748
0.024910898,0.024307325,0.003921526,0.016178235,0.028777906,0.008870546,0.009139909,0.021315227,0.013685965,0.027700546
0.006329111,-0.009460785,0.012792497,0.013449718,-0.008221835,0.007246314,0.006566872,-0.007054744,0.002955775,-0.00271768
0.003149679,-0.00543757,-0.00622227,0.011805422,-0.039546849,0.012810943,-0.00399754,-0.007104775,-0.006951036,-0.0240532
-0.023062707,0.00970275,0.00270794,-0.010074917,-0.01601036,0.012145891,0.006363503,0.007989436,0.007432884,-0.02808076
-0.008077599,0.002157404,0.004124291,-0.004455546,-0.007127934,0.002445677,0.004653376,-0.005319285,0.005643168,0.005147292
0.031140306,0.001140423,-0.003920291,-0.002235163,0.015157459,-0.004079598,-0.001672675,-0.014324319,-0.006486414,0.009085819
0.011723438,0.007380654,0.010403254,0.002979084,-0.004708195,0.006113173,0.000619849,-0.009057992,-0.00495321,0.006947728
-0.015661966,-0.011886216,0.005789056,-0.002979084,0.010707411,0.004054838,0.006054231,0.002726146,-0.005403919,-0.005065213
-0.01671356,0.010880006,0.004457206,-0.001741929,-0.013348125,0.009564456,0.011187815,0.01530862,0.015106016,0.007308231
0.004803875,-0.004540001,-0.021925583,-0.01554349,0.006811408,-0.001504035,-0.006784329,-0.008075368,-0.014375825,-0.011643345
0.012698534,-0.000568955,0.012335485,0.014163096,0.014803024,-0.007049367,-0.00254053,0,-0.002558384,0.002264273
0.00393551,0.014750928,0.017404756,-0.001759389,0.008318643,0.001514719,-0.00991369,0.00539088,0.002071555,-0.003398173
-0.040887487,0.000311521,0.013836119,0.002010532,-0.001366808,-0.00607285,0.01009987,-0.007194411,0.002249683,-0.001324635
-0.02905974,0.014838928,-0.002644045,0.00175596,0.002611529,-0.109882922,0.00328227,-0.005429721,-0.001884423,0.007954569
-0.005067515,0.014137931,-0.013674158,-0.001254015,0.004397055,0.031784099,0.004133771,0.003623119,0.007576979,0.00845315
0.029205154,-0.000242051,-0.003086399,-0.003771125,0.00774473,-0.038606134,0.010230172,0.000903568,0.002894289,0.009679849
-0.020185665,0.005228882,0.003036708,0.008028173,-0.005181357,-0.001141535,0.004985062,-0.022842324,-0.01077553,-0.01230209
-0.019734737,-0.008893282,-0.01406614,-0.004507989,-0.018038219,-0.017862748,-0.018978158,-0.009285075,-0.010523863,-0.017023328
0.006047527,0.016685823,0.003321576,0.014205902,0.053899661,0.023557552,-0.083287601,0.018484826,0.021781067,0.093018312
0.022989615,-0.003435798,0.01263158,0.000741996,-0.001135119,0.003401369,0.015000795,0.004568236,0.01005985,0.009514928
0.015037883,0.009016142,0.002873389,0.004687451,0.000560517,-0.009667399,0.016993543,0.00817077,0.005585008,-0.008125281
-0.021794619,0.003583854,-0.008146211,-0.010391035,-0.010326637,-0.0248784,-0.013690328,-0.012739005,0.032066995,0.004157286
-0.000847866,0.045969672,-0.013658956,0.010391035,-0.007577988,0.001171002,-0.015754651,-0.087011386,-0.005408103,-0.003289736
-0.019700838,-0.026368175,-0.011748437,0.006867728,-0.023848118,-0.010588411,-0.012744194,0.019782949,-0.005669686,-0.009409391
0.036522023,-0.008454662,0.017546095,0.007063774,0.014718972,0.012926128,0.004536351,0.020359523,0.007571608,0.01304485
0.002499103,-0.014192242,0.003662925,-0.013685439,0.00400373,-0.000583902,-0.003925865,0.003831345,-0.004848485,0.011852746
-0.013400616,0.005487024,0.009074276,-0.011881337,0.009231562,-0.005858277,-0.004213625,-0.014444145,0.000115785,-0.002393665
0.002526376,0.002376167,-0.005025485,-0.000747273,-0.004465688,0.001174501,-0.002796273,0.007729552,0.011961629,-0.000171072
-0.001683599,0.004263198,0.004578619,0.003979093,0.00426117,-0.004706,0.001160393,-0.002891685,-0.00406702,0.004100445
-0.016992779,-0.000709275,-0.005576877,-0.001241692,0.000365182,0.004118952,0.003812901,-0.005808174,-0.000172134,0.002554256
-0.002573976,-0.012374502,-0.001099115,-0.015527534,-0.021004288,-0.004708708,-0.003812901,0.005808174,-0.002529233,0.00542745
-0.034079388,0.011664729,-0.00225194,-0.01500353,-0.009185964,-0.025090834,-0.022769057,-0.01360553,-0.006872498,-0.012595924
0.021978996,-0.012083845,-0.003362403,0.008165452,0.010497767,0.007833632,0.0004187,0.002931036,0.010893143,0.01158055
0.012100392,-0.005223852,0.008559216,-0.002035108,0.01187663,-0.006624524,0.000627665,-0.002931036,0.002862045,0.006581702
0.000858611,0.001503904,0.002687888,0.001780978,0.003658997,-0.014607707,0.011575207,0.000977798,0.001827438,-0.004889984
-0.001718048,-0.021508743,-0.014923495,-0.011504693,-0.015490943,0.004282626,-0.001448254,0.00390267,-0.013093722,0.000338
0.008561573,-0.015910245,-0.008919528,0.005385291,-0.017521878,-0.017241725,-0.016561434,-0.002664516,-0.032071546,-0.024806674
-0.034695534,-0.003751133,-0.012138065,-0.005385291,-0.004649674,-0.009360456,-0.009659313,-0.017946703,0.000716177,-0.017121304
0.004403335,-0.008239334,-0.018094522,-0.016854987,0.004604107,-0.051458283,-0.01808679,-0.013164588,-0.005502911,0.007023797
0.060521299,0.004725473,-0.002626837,0.005996507,0.006979743,0.022839435,-0.007676126,-0.002040905,0.001079082,0.007843121
0.040524098,-0.013606519,5.25895E-05,-0.003645774,-0.015429315,0.008991769,-0.008175109,-0.00512035,-0.006672418,-0.007318382
-0.047996116,0.007870006,-0.022879393,-0.002089294,-0.00773558,0.005737924,0.011078708,-0.010320031,-0.004533829,-0.030361834
0.009124836,0.00277778,0.010174124,0.049723428,0.009644809,0.005073051,-0.033311813,0.008264549,0.024360105,0.01520733
0.022858194,0.017188524,0.024523618,0.014079451,0.033699646,-0.038689599,0.025379572,0.025395019,0.023260938,0.03797703
0.016013086,0.005746546,-0.005421198,-0.00516403,-0.003118105,0.011764858,-7.29801E-05,0.003004536,0.001731552,-0.008583709
0.026647427,-0.023187211,0.001566752,-0.003210447,0.01491075,0.01803009,-0.010503789,0,-0.001269494,0.017941535
0.049784028,-0.011543257,0.005049463,-0.001485112,0.01738922,0.027071211,0.007869907,0.0109398,0.011881972,0.029205212
-0.000736148,0.004201379,-0.005153726,0.006419843,0.010179525,-0.001865095,0.008316895,-0.002971797,0.009823177,-0.015080223
0.011713236,-0.004839541,-0.002351372,0.005889542,0.002125503,-0.007495361,0.003915541,-0.006968459,0.002821188,-0.012094911
0.002906922,-0.00588985,-0.003143925,0.000244617,0.02218729,-0.001254685,-0.003261846,0.00199589,0.008695534,0.010089263
0.025081973,0.004036952,0.007007749,-0.001223761,0.020078556,-0.00692915,0.004202232,0.012877888,0.013536926,0.015769316
0.004941762,-0.015661948,-0.016022241,0.010233954,-0.013537985,0.001263404,-0.015152892,0,-0.009189696,-0.002143322
0.017452377,0.006604092,0.017298104,0.001211382,0.022870394,0.011923619,-0.002498835,0.011741722,0.013314134,0.006907841
-0.00207826,0.01014456,0.019058165,-0.000726638,-0.015525339,0.00186968,0.020034859,0.006786453,0.001924417,-0.0032834
-0.013966721,-0.006858899,-0.008603638,-0.011944132,-0.002392243,-0.017588375,-0.005932095,-0.015579744,-0.007941699,-0.001151867
-0.014164484,0.005004573,0.00335749,-0.002455109,0.015508426,-0.010831574,-0.006989977,-0.003933211,0.000940882,0.001151867
0.012052574,0.003768864,0.006271513,-0.001722237,-0.008348966,-0.001923697,0.004010625,-0.007913138,-0.004991185,-0.009583747
-0.012052574,-0.004473035,-0.009784189,-0.003453423,0.002673342,-0.008379072,-0.0109027,-0.020060691,-0.009608593,-0.001828063
0.006398814,0.004281786,-0.012812068,0.007630769,0.013714994,0.011583158,-0.007162162,0.009077196,0.012550806,0.01518684
0.021038701,0.017134452,-0.005413532,-0.007136585,0.029516337,0.013346261,-0.017567213,0.010983495,0.002823039,0.02683209
0.026028884,-0.016305772,-0.025784136,-0.026528191,0.003226392,-0.003795076,-0.000678994,-0.026158221,0.000939271,-0.004956448
0.010759951,0.006161656,0.022352734,0.010846357,0.011972208,0.012594621,0.005418726,0.009132357,0.015344505,0.020465534
0.011968301,0.007130509,0.018131781,0.008991153,0.008008267,-0.001879114,0.011195859,0.008048371,0.01516604,0.014343886
0.007243965,0.00814077,-0.001351142,0.009896079,-0.007675938,0.010601902,0.002076078,0.009970092,-0.000589328,-0.009800142
0.007191934,-0.002497691,-0.006155176,-0.011389052,0.000166083,-0.00310654,0.019147533,-0.032260704,-0.015229596,-0.009265903
-0.024399476,-0.000562923,0.005687023,-0.008753352,-0.004866807,-0.012523707,-0.002692209,0.007146423,-0.003434235,-0.013022301
0,-0.011704108,-0.003544061,-0.011622133,-0.00348543,0.0011538,-0.012832514,0.011128049,0.001473281,0.004465745
0.005989969,-0.00979534,-0.01812396,-0.006885082,0.026143874,-0.022021587,-0.007481694,-0.0234106,0.001580001,0.019384383
0.010561152,-0.010279541,0.021147618,0.003320856,-0.001306062,-0.002623008,0.007998254,0.016343542,0.005266825,0.025274922
-0.000656717,0.003159283,-0.009571441,-0.001531253,-0.023395936,-0.007248732,-0.004361576,0.002024276,0.01141505,0.015103791
-0.001973082,-0.005033859,-0.001472652,0.015460862,-0.020444227,0,0.00067396,0.009058923,-0.00241206,0.000449572
-0.013921321,0,-0.008828238,0.016203364,0.002334537,-0.041869677,0.017952959,-0.005022623,0.011366422,-0.013121322
-0.061250637,-0.006816706,0.017579383,-0.018612231,0.000851105,-0.069239309,-0.008713561,-0.005047977,-0.004733684,0.001062084
0.00566169,0.00331685,0.006915003,-0.001524289,-0.00497301,-0.005930311,0.012895753,0.007060034,0.005529313,-0.00471232
-0.004952177,0.004663893,0.000983999,0.005830869,0.00765268,0.081357271,0.008021609,0.003010566,-0.007076605,0.010609463
-0.00497697,-0.000905232,0.031588539,0.016297173,0.001434943,0.004786348,0.032232014,-0.003010566,0.002453228,0.002266297
-0.007153003,0.00760366,0.002104204,-0.001742408,0.002408594,0.006798163,0.010842019,0.007010744,0.007587994,0.001206538
0.012977726,-0.003987939,0.003646811,0.009422427,0.000338076,0.012790391,-0.003903699,0.008941711,0.001373451,-0.001206538
-0.02759799,-0.013953676,-0.02535102,0.002957077,-0.003450882,-0.010084041,-0.010884436,0.006900175,0.007468359,0.001357374
0.006605587,0.004369284,0.051679358,0.004174395,-0.005874135,0.006062674,0.001904524,-0.002951433,-0.009952469,0.008554097
0.004379509,-0.018586388,0.025463504,-0.004420468,-0.05038761,-0.025851806,0.047816575,0.002951433,-0.027523981,0.027851159
-0.034831234,0.019952002,-0.025026528,0.01004047,0.009203055,-0.004143705,0.013346874,0.003921441,-0.001360799,0.012707819
-0.00377784,-0.01578446,-0.007651283,-0.003906275,0.009688022,0.004832609,-0.008454612,0.003906223,-0.002399762,-0.002730077
0.015772025,0.001583137,-0.00583858,-0.007119217,-0.017994562,-0.015267406,-0.006977191,-0.024668095,0.011023459,0.005738861
-0.02872459,0.004931052,0.01140012,0.019517575,-0.00493409,0.003490354,0.005639246,-0.016113213,-0.001405065,-0.012814167
0.004590688,0.085802828,-0.012976076,-0.013867123,0.00156436,-0.018284609,-0.002211618,-0.008154922,-0.018668721,0.004914659
-0.016160347,-0.012843269,-0.009806426,-0.006882964,-0.020417847,-0.006408005,-0.008895623,0.008154922,0.00571402,0.007183888
0.003871366,-0.001647574,0.010397726,0.005411964,0.012599082,0.000714064,0.017446708,0.006072844,0.010789114,0.020265769
-0.004647505,-0.00277238,-0.009601713,-0.015327862,-0.005270067,0.012061217,-0.004734194,-0.020388004,0.003786645,0.006153884
-0.011714385,0.005046178,-0.00039789,0.014100493,0.001722557,0.006326918,0.007656803,-0.001030441,-0.010366126,-0.009245149
-0.045809479,-0.014966267,0.003030176,0.001963176,-0.003405802,-0.007032491,0.004434016,0.002059716,0.009231619,-0.003524282
-0.001646096,0.00311065,0.00079337,0.019663194,0.004101868,0.014015658,0.004874415,-0.00309122,-0.003465372,-0.014796197
0.004930098,-0.005106508,-0.000495819,-0.017703839,0.00327486,-0.007684288,0.000591356,-0.004136583,-0.001085397,0.000429957
-0.018197334,-0.016112145,-0.011470212,-0.015534722,-0.003919947,-0.008450718,-0.000985681,-0.017773509,-0.012567907,-0.011092781
-0.01429188,-0.005152518,0.013253795,-0.004233651,-0.005020462,-0.002832851,-0.003754045,-0.007411357,0.002416633,-0.010485047
0.001692053,-0.016915198,-0.009898912,-0.016862101,-0.008438092,-0.006403446,-0.01014695,0.016860223,-0.007211937,-0.02745592
0.010929062,-0.002077767,-0.000700055,-0.002795781,0.000284313,0.002851023,0.000799535,0,-0.009102529,0.002104264
0.000835731,-0.024876224,0.000750103,-0.008948114,-0.000696706,0.003552422,0.000133228,-0.01261847,0.006225288,-0.002104264
-0.008389338,0.00219644,-0.0047601,0.000256829,-0.005977438,0.011283569,-0.012868795,-0.014925528,0.000443179,-0.002862951
0.007553607,0.003848969,0.01088977,-0.012400066,0.011749794,-0.007037296,-0.007855993,0.006423952,-0.002939764,0.018538509
-0.017714607,0.02220498,-0.000546719,0.01162946,0.001836684,-0.000706497,-0.003064151,0.003196512,-0.006408733,-0.01492345
0.013525186,0.001035875,0.002284025,0.011749895,0.008615718,-0.002830846,0.000409086,0.002125382,0.008960687,0.008086315
-0.000839943,0.006643251,-0.004274323,0.009100222,-0.006092242,0.007062218,0.005031865,0.011609698,0.00249023,0.008317181
0.012526257,0.009787409,0.00576111,0.001759829,0.010616265,0.038652128,0.001084691,0.018711625,0.011649181,0.018174389
-0.001661135,-0.000191018,-0.000842288,-0.003775055,0.010408165,-0.002711854,0.004934028,0.004110969,0.004469626,0.010546956
0.008278219,-0.00389136,-0.004420931,-0.027349837,-0.015520143,0.004065029,-0.009211695,-0.001026212,-0.000326365,0.009725446
0.000824023,-0.007764115,0.011975634,-0.004935698,-0.004716041,-0.00951097,0.008402243,0.004098438,-0.006057133,0.009913638
-0.004127092,-0.011532402,-0.016016202,-0.019724507,-0.025318534,-0.011671933,-0.014271322,-0.031155234,-0.003344439,-0.028444662
-0.001655719,0.000911901,0.009353292,-0.010681117,0.000764412,0.008937766,-0.003359567,-0.008263203,-0.002584457,0.009523859
-0.009155189,0.013707637,0.010247484,-0.007274712,-0.002526407,0,0.022410329,-0.014107697,0.000330211,-0.007785524
0.028031436,-0.00657175,0.003180861,0.003778667,-0.002692322,-0.014477993,0.000738375,0.010869678,0.002089522,-0.014726417
-0.006525247,-0.002848249,0.008174809,0.006444819,0.002981385,0.008298838,0.000134128,0.019272577,0.009783885,0.010520283
0.018646605,-0.030674362,0.009357487,0.001070029,-0.007921511,-0.004140775,0.001542131,0.001059927,-0.009454384,-0.019224405
0.015145774,-0.015154409,0.007557002,0.00400261,-0.002304159,0.01100426,0.012582181,-0.024666164,-0.010376439,-0.016734279
-0.001583537,0.014151101,0.014109862,0.022644545,0.0163773,0.029651777,0.016273268,0.034154863,-0.014361438,0.014063648
-0.00079275,-0.021986258,0.00103729,-0.004435701,-0.004519979,0.011224863,-0.009942571,-0.019068297,0.001630825,-0.006707956
-0.021644079,-0.024231057,0.008960697,-0.000523185,0.000994999,-0.009234855,0.011893284,-0.007514887,-0.009342937,0.004030174
0.017671199,-0.030307499,0.000747012,0.005479483,-0.003971516,0.007920867,-0.002927502,-0.009745571,0.003010643,-0.010331709
-0.01605176,-0.014405391,-0.002383067,0.009324032,-0.008822389,0.022107503,0.000781467,0.007588094,0.00689577,-0.004827952
-0.013029542,-0.013575647,-0.005958954,0.013825168,-0.003700331,-0.015554362,-0.001172531,-0.016331346,-0.031063845,-0.016161428
0.018677055,-0.014666525,0.002772744,-0.010736411,-0.001437003,-0.012487885,-0.004507236,-0.00660789,-0.000697551,-0.001230399
0.011995262,-0.004533123,-0.003997108,0.000513884,0.012265296,-0.003976131,0.012427348,0.015351141,0.001104189,0.009648622
-0.011995262,-0.012572953,-0.001225799,-0.002057069,-0.006339878,-0.002659565,-0.004796481,-0.009841483,-0.018820343,-0.025001311
-0.00322322,-0.009708927,-0.001605251,-0.013475147,0.021045085,-0.010036945,-0.005080736,-0.007722139,-0.006472191,0.011343402
0.013627468,-0.004112148,0.003019541,-0.007857643,-0.001801363,0.009370913,-0.005763314,0.015384993,0.00830524,0.007695966
-0.01120912,0.018792928,-0.019455974,0,-0.010081274,0.000666032,-0.021175097,-0.001091152,0.000767618,-0.007232452
-0.008896124,-0.00550884,-0.008587101,-0.012968253,0.004010117,-0.023578055,-0.005448765,-0.010976952,-0.014867914,-0.018549381
-0.019688968,-0.000690712,-0.007245083,0.004253058,-0.010986914,0.007470257,-0.005546656,-0.014452754,-0.008061179,-0.005521851
-0.006650003,0.012057497,0.013379391,0.010554188,0.01702953,-0.008834577,0.001762048,0.013348346,0.024168108,0.013357597
-0.00753455,-0.053759613,0.014769762,-0.019881374,0.005309025,0.012211837,-0.001626371,-0.013348346,-0.006922075,-0.019705778
0.008368276,0.00056017,-0.005757672,-0.012934683,0.019410433,-0.007034027,0.005343516,-0.008998963,0.006509208,0.007770989
0.005816277,-0.015235453,0.004475806,-0.022491386,0.01329907,0.019191816,0.005851672,0.01458234,-0.011031496,0.006142209
0.01071291,0.007041998,-0.003903346,0.020862747,-0.020922435,0.015493742,-0.001476505,0.001113012,0.008610345,0.012327595
0.00409004,-0.013152749,0.002429425,-0.015882074,0.004785445,-0.012781876,0.003017818,-0.004459273,0.003659062,0.017220599
-0.020619227,-0.01872608,-0.004004519,-0.103430288,0.029098297,-0.021903682,0.002971382,-0.029480653,-0.025355551,-0.017065646
-0.015960027,0.019461322,0.007614025,-0.011643382,-0.005344797,-0.006247851,-0.002295255,0.002298829,-0.005270651,-0.032784549
0.010109637,0.020290931,0.014495724,0.00311815,0.000437435,0.003475846,-0.004946052,0.020455292,0.010152932,0.022497793
0.009178106,-0.007389591,0.009810606,0.008988159,0.00868058,0.011728317,0.013157621,-0.004509547,-0.00012027,0.013846908
-0.024381235,0.004985928,-0.004498129,-0.017115681,-0.036279346,-0.017993565,0.000670147,-0.0217027,-0.02459485,-0.034583745
-0.01890088,-0.005389152,-0.021658796,-0.001256313,-0.012766178,0.063577864,-0.025510169,-0.00462971,-0.011841873,0.011808052
0.009495095,-0.009643818,-0.012233147,-0.01265039,-0.016266397,0.007832938,0.004867136,-0.012843077,-0.002560345,-0.013253719
-0.013841096,-0.006618006,-0.007092781,-0.014748616,-0.007504633,-0.028356664,-0.010310787,-0.007075552,-0.004889068,0.0016062
-0.007870506,0.006847945,0.023544029,0,0.000568126,0.038062337,0.010857735,0.021078097,0.006887963,-0.046649942
0.013083393,0.002873667,0.019715441,0.036782842,-0.013635496,-0.022136321,-0.007202439,-0.008144295,-0.009908527,-0.035776173
-0.016601437,-0.006250551,-0.011942106,-0.002493705,0.032332088,-0.004618946,-0.000413124,0.013921321,-0.001576784,0.016934913
-0.130640657,-0.027433342,-0.021535808,-0.020495814,0.010082423,-0.020040751,-0.044141923,-0.002306784,-0.006205279,-0.011720248
-0.019260615,-0.011770837,0.024394364,0.021119839,0.026941525,0.029257406,0.021081944,0.022831937,0.010802627,0.01769956
0.01342302,0.009818598,0.004295805,0.01516816,0.005178999,0.009132484,-0.00501648,0.003380309,0.052568142,-0.010100232
0.016277063,-0.019907986,0.026166654,-0.00338514,0.016672263,0.011620531,0.009095836,-0.020455292,-0.003164703,0.013670736
0.02294365,0.064034666,-0.007792046,0.022555086,0.018940914,0.009581677,0.005529668,0.01141577,0.023114514,0.022156059
0.04058528,0.02043844,0.000868756,-0.009386928,0.015013209,0.009490739,-0.012926954,0.033485174,0.021105797,0.022974378
-0.02395898,0.027108295,0.003467707,-0.010397648,-0.00076875,-0.008220091,-0.001556868,-0.005503482,-0.001718028,-0.010601045
-0.013672088,0.026921203,-0.002782282,0.001842783,0.007519202,0.005698021,0.006775908,-0.001104408,-0.002697533,0.005885189
-0.011869576,-0.004462182,0.000319594,-0.003688876,0.010412255,-0.012067469,-0.000914916,0.002207373,0.015341553,0.000651801
-0.035446749,0.002951858,-0.000822175,0.001231056,0.000908658,-0.001278773,-0.028494848,-0.008859331,-0.005675778,-0.011303225
0.016360283,0.008578576,0.016362222,-0.000307583,0.015749766,0.000639591,0.003976458,0.008859331,0.012500514,0.011466153
-0.004065046,0.002394792,-0.001980009,-0.002156169,-0.00327456,-0.003843695,0.000360733,-0.013318604,0.00616423,-0.014931773
0.057384684,0.020347711,-0.01109735,0.014996395,0.014820163,0.003204104,-0.004192279,0.034050466,0.026788763,0.044617032
0.006708219,0.010781747,-0.006076313,-0.005482682,-0.008332106,0.00828294,-0.00333739,0.009672365,-0.003104974,0.011631725
-0.030055583,0.007507492,0.017173663,-0.002446545,0.000314495,0.007585371,0.004929639,-0.007514887,0.009988687,-0.0173397
0.010768582,0.000862591,0.002833842,-0.004295803,0.008952978,0.001258653,0.000144653,0.009651619,-0.004222153,0.000794723
0.006792845,-0.01549632,0.002377806,-0.01019947,0.008156631,0.012500163,7.22678E-05,0,0.003411575,-0.001590062
-0.014613022,0.016788924,0.009499406,0.00804466,-0.002475954,0.005574557,0.003032041,-0.000540979,0.008719596,-0.007186823
0.006845993,0.008289828,0.006106775,0.004305019,0.002735524,-0.001236156,-0.001875866,0.004319661,0.000267889,0.005275402
0.013552966,0.00482789,0.00163099,0.003981049,0.004095545,0.0024706,0.001443292,0.008583744,0.003156075,0.007940331
-0.005785937,0.003958427,0.00575335,-0.023501453,-0.00239114,0,0.003024182,-0.001068947,0.009355777,0.013043353
0.002897153,0.016511961,-0.014823554,-0.000312877,-0.044434897,-0.001852362,-0.007287935,-0.005361943,-0.003126554,-0.00720785
0.020993137,-0.01235837,0.000399886,-0.047429652,0.000709281,0.007389135,0.003037084,0.020224212,0.00116697,0.002042275
-0.03165732,0.0070707,0.019142055,0.003930598,0.013445538,0.016428785,0.027699439,-0.001054296,0.0163007,0.012786701
0.030712587,0.003412309,-0.003361734,0.023583713,0.02187827,0.011401264,0.007137924,0.008403411,0.003488331,0.026602975
0.011278315,-0.000208573,-0.002364456,0.013320844,-0.002716538,-0.005984458,0.005146694,-0.008403411,-0.005001989,0.003614432
-0.00938974,-0.016617357,-0.005450458,-0.012682478,-0.003537591,0.033060804,0.002909485,-0.01167122,-0.007550414,-0.017286254
0.008454724,0.007045259,-0.011481479,0.017710773,0.004946637,-0.016393693,0.012442147,0.004259857,0.001577713,0.016082959
0.012087548,0.008458871,-0.005185251,-0.001568628,0.006049965,0.008815749,0.010803543,0.024148155,0.011078718,0.004505129
0.017407677,-0.014726711,-0.000986453,-0.014866667,-0.004157797,-0.009997143,0.008814173,0.001036807,-0.001560395,0.009988991
0.005434796,-0.01093922,0.00697394,0.010461342,0.016516067,-0.017889505,0.013044282,-0.00832471,0.006950687,-0.00103908
0.00809721,0.016504721,0.011516307,-0.001578003,0.004430868,-0.012715944,0.01313734,-0.013677225,0.002890485,0.000148519
0.007142888,0.022850659,-0.004236784,0.032321054,-0.002756312,0.002434633,0.006893426,0.031285137,0.022827786,0.019263973
0.072072348,-0.023975382,-0.021267874,-0.024142336,0.01213887,0.012084678,0.003751877,-0.003084835,-0.009109364,0.05193387
-0.004979263,-0.001900729,-0.001997313,-0.026668247,-0.00637884,-0.007838448,-0.005438392,-0.011393184,0.000406652,-0.019407241
-0.007515693,0.006111895,0.001089927,0.016909032,0.011613573,-0.003638634,-0.004033018,0.008298803,0.002748337,-0.01091507
0.007515693,-0.001822608,0.006785514,0.003789048,-0.003571075,0.009071849,0.001172614,0.006179216,0.000457308,0.015837364
-0.018472398,-0.013563347,-0.013617386,-0.009499755,-0.017227971,-0.012723649,-0.012512882,-0.012396853,-0.010161133,-0.009868923
0.044746487,0.003975005,0.005514705,0.00760701,0.009792424,0.005472802,0.005915582,0.009312018,0.010516729,0.010009233
0.000810045,0.004946636,0.003402984,0.002837776,0.004612904,0.003631905,0.015283398,-0.003094381,0.003599178,0.00838108
0.00806456,0.000634199,0.005871225,0.001573038,0.000700385,0.00120779,-0.002067497,0,0.005148167,0.010103248
-0.004830927,-0.001833275,0.002788,0,0.003458391,0.000603318,0.001680194,0.004123717,0.003768565,0.005082011
-0.004043677,0.002607903,0.007783145,0.0040785,-0.005065148,0.009603915,-0.000839744,-0.001029336,-0.002611381,0.000137023
-0.012230075,0.003723862,0.006971176,0.005308365,0.001920565,0.002386696,0.001420645,-0.007235174,-0.002618143,-0.003980528
