ticker,company_name,sector,market_cap,forward_pe,trailing_pe,price_to_book,profit_margins,operating_margins
MMM,3M Company,Industrials,74925867008,17.360178,14.332291,16.141481,0.13451,0.21433
AOS,A. O. Smith Corporation,Industrials,10375842816,17.70034,18.881266,5.4134197,0.14413,0.17793
ABT,Abbott Laboratories,Healthcare,192880623616,21.571674,33.80091,4.846801,0.13992,0.18749
ABBV,AbbVie Inc.,Healthcare,306962792448,14.240799,60.736362,50.895397,0.09222999,0.28928
ACN,Accenture plc,Technology,219129102336,25.193588,29.3415,7.743634,0.111940004,0.14597
ADBE,Adobe Inc.,Technology,181315502080,18.06566,33.754456,12.743766,0.25588,0.36834
AMD,"Advanced Micro Devices, Inc.",Technology,192532611072,23.10862,104.99248,3.3790407,0.07516,0.10617
AES,The AES Corporation,Utilities,8457666560,5.784943,8.260417,2.5707803,0.08344,0.20158
AFL,Aflac Incorporated,Financial Services,58102673408,14.862043,15.540861,2.3450146,0.22015,0.04815
A,"Agilent Technologies, Inc.",N/A,40685867008,25.21416,32.158016,,,
APD,"Air Products and Chemicals, Inc.",Basic Materials,67207385088,21.547771,17.52,3.9488335,0.31636,0.25791
ABNB,"Airbnb, Inc.",Consumer Cyclical,82329321472,30.0,45.755203,9.904916,0.16956,0.40862998
AKAM,"Akamai Technologies, Inc.",Technology,13565499392,13.291061,26.715977,2.8371248,0.13266,0.15695
ALB,Albemarle Corporation,Basic Materials,11359065088,47.409733,,1.4188812,-0.28798,-0.20657
ARE,"Alexandria Real Estate Equities, Inc.",Real Estate,17219299328,38.072456,60.07927,0.93158484,0.09618,0.27855
ALGN,"Align Technology, Inc.",Healthcare,16068707328,20.982704,36.794018,4.0795455,0.111490004,0.16604
ALLE,Allegion plc,Industrials,11339492352,16.832266,20.068462,7.2176733,0.15359999,0.22242
LNT,Alliant Energy Corporation,Utilities,14955873280,18.1092,22.67899,2.1463819,0.16667,0.45051
ALL,The Allstate Corporation,Financial Services,49581715456,9.8068285,12.103426,2.6286676,0.067719996,0.093219995
GOOGL,Alphabet Inc.,Communication Services,2381647970304,21.626299,25.684767,7.571155,0.27738002,0.32312
GOOG,Alphabet Inc.,Communication Services,2382233862144,21.790237,25.879469,7.6285477,0.27738002,0.32312
MO,"Altria Group, Inc.",Consumer Defensive,86325149696,9.516577,8.603886,,0.50511,0.59843
AMZN,"Amazon.com, Inc.",Consumer Cyclical,2328126291968,35.81058,47.30983,8.980329,0.080419995,0.109589994
AMCR,Amcor plc,Consumer Cyclical,13817451520,12.011258,18.037737,3.5237744,0.056750003,0.105579995
AEE,Ameren Corporation,Utilities,24127621120,18.316183,21.268234,2.0387955,0.16053,0.31766
AEP,"American Electric Power Company, Inc.",Utilities,50593673216,16.18192,19.153225,1.9004182,0.13464,0.25792998
AXP,American Express Company,Financial Services,219202158592,20.44242,22.913845,7.3742213,0.16698,0.20936
AIG,"American International Group, Inc.",Financial Services,45491474432,11.114125,14.499005,1.0205995,-0.04876,0.105100006
AMT,American Tower Corporation,Real Estate,84574633984,26.618214,43.61205,23.22469,0.09942,0.45165002
AWK,"American Water Works Company, Inc.",Utilities,23976835072,21.532185,24.409723,2.3139353,0.21771999,0.41572
AMP,"Ameriprise Financial, Inc.",Financial Services,52240904192,13.904718,20.568563,9.1604,0.15517001,0.34145
AME,"AMETEK, Inc.",Industrials,41579925504,24.595177,31.371727,4.3538074,0.19271,0.25642002
AMGN,Amgen Inc.,Healthcare,145343561728,13.034796,34.53257,19.308056,0.13002,0.24156
APH,Amphenol Corporation,Technology,85646532608,32.70628,40.827587,9.058913,0.15403,0.21865
ADI,"Analog Devices, Inc.",Technology,107721261056,24.212873,66.17378,3.0623477,0.17068,0.2178
ANSS,"ANSYS, Inc.",Technology,29963870208,30.39475,52.795074,5.1391125,0.23008,0.26838
AON,Aon plc,Financial Services,78446166016,20.848648,31.05565,12.576888,0.16320999,0.19162
APA,APA Corporation,Energy,9383705600,7.144265,3.602983,1.8347198,0.24824,-0.089049995
APO,"Apollo Global Management, Inc.",Financial Services,93121994752,19.322662,17.397463,5.65567,0.18462,0.34789002
AAPL,Apple Inc.,Technology,3570147786752,28.588047,38.983578,63.02363,0.23971,0.31171
AMAT,"Applied Materials, Inc.",Technology,144848125952,17.042969,20.675379,7.789568,0.27743,0.28652
APTV,Aptiv PLC,Consumer Cyclical,14324245504,8.726673,6.7867374,1.6124269,0.122889996,0.11022
ACGL,Arch Capital Group Ltd.,Financial Services,35035656192,10.43296,6.249665,1.627005,0.33859003,0.24947001
ADM,Archer-Daniels-Midland Company,Consumer Defensive,24532525056,10.063167,14.400561,1.0898153,0.0293,0.0222
ANET,Arista Networks Inc,Technology,146277023744,47.165367,55.82452,3.9540625,0.40293998,0.43362
AJG,Arthur J. Gallagher & Co.,Financial Services,72445370368,25.178219,55.451244,5.2223005,0.10988,0.18721001
AIZ,"Assurant, Inc.",Financial Services,10675985408,11.491506,14.868571,2.0349786,0.06307,0.059710003
T,AT&T Inc.,Communication Services,157964009472,10.161691,17.898373,1.5431795,0.07419,0.23618999
ATO,Atmos Energy Corporation,Utilities,21871761408,18.216333,20.634165,1.7930179,0.2509,0.32149
ADSK,"Autodesk, Inc.",Technology,62957719552,31.62579,58.194225,33.7027,0.18208,0.23653999
ADP,"Automatic Data Processing, Inc.",Technology,119466393600,26.962557,31.32479,22.349264,0.19715,0.26488
AZO,"AutoZone, Inc.",Consumer Cyclical,54058147840,18.604576,21.553429,,0.14399,0.20896
AVB,"AvalonBay Communities, Inc.",Real Estate,31353298944,39.61682,30.154581,2.634611,0.35606998,0.33742002
AVY,Avery Dennison Corporation,Consumer Cyclical,15293937664,18.000359,22.851141,6.3961697,0.077649996,0.12810001
AXON,"Axon Enterprise, Inc.",Industrials,44706664448,93.24163,153.07573,21.2428,0.15324001,0.0448
BKR,Baker Hughes Company,Energy,45082808320,17.832052,20.430494,2.78348,0.082049996,0.13463001
BALL,Ball Corporation,Consumer Cyclical,16228405248,15.40475,22.658333,2.4415212,0.30424,0.11843
BAC,Bank of America Corporation,Financial Services,361814654976,12.719773,17.085144,1.3331543,0.24952,0.30769
BAX,Baxter International Inc.,Healthcare,15458051072,12.201462,121.1,1.963232,0.00717,0.08929
BDX,"Becton, Dickinson and Company",Healthcare,67531264000,14.894432,39.669506,2.6026602,0.07126,0.15192
BBY,"Best Buy Co., Inc.",Consumer Cyclical,17738653696,12.521638,14.207191,5.853676,0.02962,0.04048
TECH,Bio-Techne Corporation,Healthcare,11979661312,34.328968,79.36315,5.600995,0.12864,0.18145001
BIIB,Biogen Inc.,Healthcare,20734357504,8.604981,12.865279,1.2673007,0.16812,0.2074
BLK,"BlackRock, Inc.",Financial Services,154663731200,18.705936,24.626635,3.588031,0.31372,0.3985
BX,Blackstone Inc.,Financial Services,212902887424,30.22557,60.321304,19.234604,0.19971001,0.51078
BK,The Bank of New York Mellon Corporation,Financial Services,58947846144,10.839165,18.137585,1.5657288,0.20038,0.33231997
BA,The Boeing Company,Industrials,124661014528,238.47813,,,-0.10880999,-0.31418
BKNG,Booking Holdings Inc.,Consumer Cyclical,159977193472,23.090109,32.732647,,0.21846001,0.40893
BWA,BorgWarner Inc.,Consumer Cyclical,7013708800,6.9798727,7.938119,1.1393349,0.06331,0.08437
BSX,Boston Scientific Corporation,Healthcare,142799388672,34.5748,80.07438,6.8941226,0.112629995,0.17059
BMY,Bristol-Myers Squibb Company,Healthcare,113649065984,7.949106,,6.6290073,-0.15301,0.18475
AVGO,Broadcom Inc.,Technology,1064311980032,29.731607,177.39062,3.834113,0.108830005,0.31765
BR,"Broadridge Financial Solutions, Inc.",Technology,26518607872,24.21685,39.31889,12.020239,0.10572,0.09453
BRO,"Brown & Brown, Inc.",Financial Services,29525166080,25.168257,28.133514,4.568382,0.23066,0.28312
BLDR,"Builders FirstSource, Inc.",Industrials,18822152192,13.958434,15.987293,4.25026,0.07401,0.10113
BG,Bunge Global SA,Consumer Defensive,11243464704,8.988941,10.205957,1.1093584,0.02112,0.03076
BXP,"BXP, Inc.",Real Estate,12763303936,38.95828,31.463043,1.98505,0.10857,0.29790002
CHRW,"C.H. Robinson Worldwide, Inc.",Industrials,12240718848,21.069735,35.83218,7.4559,0.01956,0.03973
CDNS,"Cadence Design Systems, Inc.",Technology,82948104192,44.073715,79.58948,18.176573,0.23868,0.309
CZR,"Caesars Entertainment, Inc.",Consumer Cyclical,7108518912,24.477957,,1.6975341,-0.03203,0.22408001
CPT,Camden Property Trust,Real Estate,12083490816,64.83729,35.73107,2.7651846,0.2216,0.18878001
CPB,The Campbell's Company,Consumer Defensive,11521912832,11.599745,21.120218,3.0356581,0.05884,0.119490005
COF,Capital One Financial Corporation,Financial Services,72304082944,12.250625,17.926277,1.2458206,0.16455,0.29713
CAH,"Cardinal Health, Inc.",Healthcare,30103623680,14.271749,23.921154,,0.0057,0.01054
KMX,"CarMax, Inc.",Consumer Cyclical,12376286208,20.816843,27.370749,2.0881774,0.01508,0.02696
CCL,Carnival Corporation & plc,Consumer Cyclical,32601899008,12.255986,17.309027,3.6735446,0.063930005,0.27609
CARR,Carrier Global Corporation,Industrials,62034276352,23.002808,40.670586,4.224612,0.14003,0.12684
CAT,Caterpillar Inc.,Industrials,182670557184,17.072727,17.557077,9.4174385,0.1626,0.19496
CBOE,"Cboe Global Markets, Inc.",Financial Services,19877255168,21.073221,25.833334,4.7229066,0.19729,0.29118
CBRE,"CBRE Group, Inc.",Real Estate,40232185856,21.455873,42.54693,4.5496073,0.02792,0.043270003
CDW,CDW Corporation,Technology,24964091904,18.491678,22.928776,10.621313,0.05327,0.0877
CE,Celanese Corporation,Basic Materials,7729997824,8.017382,7.0433264,1.0622493,0.10402001,0.11517999
COR,"Cencora, Inc.",Healthcare,46099210240,14.507229,31.632626,59.508484,0.00513,0.00851
CNC,Centene Corporation,Healthcare,31771154432,8.593098,10.868739,1.1754926,0.02098,0.0296
CNP,"CenterPoint Energy, Inc.",Utilities,20790089728,18.268135,21.266666,1.9733992,0.11246,0.22575001
CF,"CF Industries Holdings, Inc.",Basic Materials,16753775616,16.39636,15.257528,3.231247,0.19455,0.26496
CRL,"Charles River Laboratories International, Inc.",Healthcare,8971334656,16.964905,21.902622,2.3718364,0.10436,0.14692001
SCHW,The Charles Schwab Corporation,Financial Services,133841387520,18.409363,28.560547,3.5180192,0.27471,0.38416
CHTR,"Charter Communications, Inc.",Communication Services,49600176128,9.694827,10.93901,3.518285,0.085200004,0.24341999
CVX,Chevron Corporation,Energy,281166807040,13.788718,17.32969,1.8143351,0.087019995,0.109110005
CMG,"Chipotle Mexican Grill, Inc.",Consumer Cyclical,77722132480,43.099804,52.81481,21.524529,0.13512999,0.17483999
CB,Chubb Limited,Financial Services,107975835648,11.344097,10.978073,1.6417823,0.18277,0.19610001
CHD,"Church & Dwight Co., Inc.",Consumer Defensive,25149044736,27.521141,46.03139,5.995211,0.09083,0.17582001
CI,The Cigna Group,Healthcare,78842470400,8.998296,26.8673,1.8820382,0.01323,0.027449999
CINF,Cincinnati Financial Corporation,Financial Services,22041978880,19.18707,7.246146,1.5966347,0.25257,0.31717
CTAS,Cintas Corporation,Industrials,78747574272,40.93783,47.021687,18.31097,0.16795,0.22427
CSCO,"Cisco Systems, Inc.",Technology,238885945344,15.239944,25.74249,5.285513,0.17731,0.17036
C,Citigroup Inc.,Financial Services,149031288832,8.7690115,22.450144,0.7732541,0.11524,0.24610001
CFG,"Citizens Financial Group, Inc.",Financial Services,20580737024,12.168462,18.313726,0.91111284,0.18229,0.27183
CLX,The Clorox Company,Consumer Defensive,19551209472,21.676123,54.843746,325.67007,0.0478,0.17367001
CME,CME Group Inc.,Financial Services,81452621824,21.774858,23.792631,2.880317,0.57434,0.64745003
CMS,CMS Energy Corporation,Utilities,19728773120,18.418564,18.811966,2.5015154,0.14005,0.23465
KO,The Coca-Cola Company,Consumer Defensive,266927652864,20.879894,25.711119,10.070502,0.2245,0.30235
CTSH,Cognizant Technology Solutions Corporation,Technology,38287527936,15.538036,17.08407,2.6502388,0.116009995,0.15285
CL,Colgate-Palmolive Company,Consumer Defensive,71774412800,22.938536,25.244253,165.13158,0.14264,0.21000999
CMCSA,Comcast Corporation,Communication Services,139630444544,8.343165,9.83558,1.6312025,0.11924,0.18269
CAG,"Conagra Brands, Inc.",Consumer Defensive,12185979904,9.906792,24.78641,1.446377,0.041389998,0.14738
COP,ConocoPhillips,Energy,136050180096,12.535414,12.476275,2.426742,0.17472,0.24277
ED,"Consolidated Edison, Inc.",Utilities,31167358976,15.98408,16.909773,1.421416,0.12267999,0.21237
STZ,"Constellation Brands, Inc.",Consumer Defensive,32818964480,12.381675,48.417336,3.4081993,0.05687,0.37085998
CEG,Constellation Energy Corporation,Utilities,95443746816,33.09002,33.637268,7.5968623,0.11926,0.22397
COO,"The Cooper Companies, Inc.",Healthcare,17966460928,20.257801,45.92857,2.2615817,0.09445,0.19195999
CPRT,"Copart, Inc.",Industrials,54574223360,32.012115,39.60839,7.249456,0.32171002,0.33633998
GLW,Corning Incorporated,Technology,41633165312,21.04195,255.92105,3.5648825,0.01237,0.11236
CPAY,"Corpay, Inc.",Technology,25204709376,16.33156,25.80728,8.159967,0.26142,0.45485002
CTVA,"Corteva, Inc.",Basic Materials,41746178048,18.93309,63.270836,1.6922048,0.04177,-0.19990999
CSGP,"CoStar Group, Inc.",Real Estate,29970126848,64.69527,174.05954,3.9963377,0.06577,0.03422
COST,Costco Wholesale Corporation,Consumer Defensive,408902008832,46.011734,53.99531,17.279959,0.02895,0.03817
CTRA,Coterra Energy Inc.,Energy,21294307328,9.796648,17.524242,1.6327857,0.22549999,0.26087
CRWD,"CrowdStrike Holdings, Inc.",Technology,88520482816,81.83035,691.12506,37.72675,0.0484,0.01417
CCI,Crown Castle Inc.,Real Estate,37966483456,32.3811,30.978724,7.1753592,0.18626,0.36743
CSX,CSX Corporation,Industrials,62721863680,16.440304,17.300533,4.8508577,0.24971001,0.37717998
CMI,Cummins Inc.,Industrials,50141736960,16.537292,23.952328,4.861056,0.06132,0.11625
CVS,CVS Health Corporation,Healthcare,65091256320,7.6434975,13.128172,0.86824787,0.013660001,0.0159
DHR,Danaher Corporation,Healthcare,170976935936,28.531828,44.66415,3.3325827,0.16393,0.20335
DRI,"Darden Restaurants, Inc.",Consumer Cyclical,21318410240,17.070013,20.773972,9.645924,0.091120005,0.098009996
DVA,DaVita Inc.,Healthcare,13261082624,14.196044,17.421682,34.54556,0.06534,0.16275999
DAY,Dayforce Inc,Technology,11051616256,31.55918,206.11765,4.3264604,0.03122,0.06205
DECK,Deckers Outdoor Corporation,Consumer Cyclical,31282409472,32.30159,36.315872,14.078422,0.18799,0.23266001
DE,Deere & Company,Industrials,117365579776,18.942163,16.807138,5.1124673,0.14698,0.19016
DELL,Dell Technologies Inc.,Technology,75703787520,11.544047,19.204247,,0.04325,0.06673
DAL,"Delta Air Lines, Inc.",Industrials,42459492352,7.7930136,12.345217,3.0913792,0.07712,0.08452
DVN,Devon Energy Corporation,Energy,25100146688,8.364253,7.075926,1.7609918,0.23429,0.32062
DXCM,"DexCom, Inc.",Healthcare,31601088512,40.099422,49.033333,15.967042,0.17218,0.15289
FANG,"Diamondback Energy, Inc.",Energy,52490862592,11.655901,10.379331,1.406035,0.35208,0.42224
DLR,"Digital Realty Trust, Inc.",Real Estate,59446325248,164.31775,142.9431,2.8398373,0.08209,0.10094
DFS,Discover Financial Services,Financial Services,46839345152,14.585825,12.722185,2.7103906,0.27306,0.34264
DG,Dollar General Corporation,Consumer Defensive,15201286144,11.592511,11.405941,2.249634,0.03568,0.05386
DLTR,"Dollar Tree, Inc.",Consumer Defensive,15194656768,11.631027,,2.10542,-0.0344,0.027520001
D,"Dominion Energy, Inc.",Utilities,45272338432,15.931503,19.887453,1.7290664,0.16946,0.35981
DPZ,"Domino's Pizza, Inc.",Consumer Cyclical,14416073728,23.734653,25.65888,,0.122609995,0.18064
DOV,Dover Corporation,Industrials,26198185984,20.385397,17.344233,4.59779,0.18378,0.17549999
DOW,Dow Inc.,Basic Materials,28178704384,12.550983,26.833334,1.5389026,0.02464,0.04146
DHI,"D.R. Horton, Inc.",Consumer Cyclical,46780076032,9.280475,10.168061,1.8665112,0.12925,0.16636999
DTE,DTE Energy Company,Utilities,24927711232,16.704647,16.30962,2.1504118,0.12332,0.17791
DUK,Duke Energy Corporation,Utilities,82555150336,16.876379,19.186714,1.713127,0.14534001,0.26147
DD,"DuPont de Nemours, Inc.",Basic Materials,31772938240,17.282064,59.390625,1.3120922,0.06553,0.16604
EMN,Eastman Chemical Company,Basic Materials,10698770432,10.588069,12.372655,1.8913935,0.09471,0.14976
ETN,Eaton Corporation plc,Industrials,135504199680,28.422514,36.514908,7.088148,0.15314001,0.19228001
EBAY,eBay Inc.,Consumer Cyclical,31010459648,12.393633,16.307304,5.7572255,0.19677,0.23098
ECL,Ecolab Inc.,Basic Materials,66921091072,31.593477,33.146564,10.074815,0.13045,0.14715
EIX,Edison International,Utilities,23867799552,10.8219595,18.026316,1.7026625,0.07632,0.21169001
EW,Edwards Lifesciences Corporation,Healthcare,41769635840,28.948305,27.34363,4.375927,0.65859,0.29113
EA,Electronic Arts Inc.,Communication Services,37080158208,16.62498,36.25128,5.022202,0.14118,0.21481001
ELV,"Elevance Health, Inc.",Healthcare,89260204032,10.919459,14.005459,2.039122,0.03688,0.043860003
EMR,Emerson Electric Co.,Industrials,68537360384,18.521967,42.67376,3.1714323,0.11251,0.17601
ENPH,"Enphase Energy, Inc.",Technology,9038320640,17.36231,145.42934,9.70232,0.04912,0.1325
ETR,Entergy Corporation,Utilities,33837873152,20.322126,19.152914,1.125469,0.1481,0.33657002
EOG,"EOG Resources, Inc.",Energy,76465070080,12.250419,10.96371,2.5960014,0.2992,0.35568002
EPAM,"EPAM Systems, Inc.",Technology,12860442624,19.963968,29.407263,3.6176662,0.09679,0.15467
EQT,EQT Corporation,Energy,31152873472,18.503685,69.613335,1.5309503,0.06797,-0.22052
EFX,Equifax Inc.,Industrials,32467986432,29.605,58.338535,6.6111407,0.100659996,0.17138
EQIX,"Equinix, Inc.",Real Estate,86482370560,69.216896,81.11312,6.3645916,0.12571,0.15682
EQR,Equity Residential,Real Estate,27480147968,42.45055,29.64768,2.4597423,0.3157,0.29834
ERIE,Erie Indemnity Company,Financial Services,20997269504,28.080769,37.634018,10.779132,0.1516,0.18504
ESS,"Essex Property Trust, Inc.",Real Estate,18970314752,46.657375,33.2757,3.3688939,0.31354,0.30375
EL,The Estée Lauder Companies Inc.,Consumer Defensive,26736680960,27.57906,133.0,5.2591443,0.01314,0.038680002
EG,"Everest Group, Ltd.",Financial Services,15311985664,5.553367,5.557167,0.99899614,0.16853,0.16320999
EVRG,"Evergy, Inc.",Utilities,14141224960,15.219619,16.61892,1.4105476,0.14769,0.34443
ES,Eversource Energy,Utilities,20742017024,11.822049,,1.3692766,-0.047259998,0.21024
EXC,Exelon Corporation,Utilities,38178516992,14.4406185,15.635801,1.4340982,0.106000006,0.19174999
EXPE,"Expedia Group, Inc.",Consumer Cyclical,23967332352,13.207955,24.283485,18.199007,0.07966,0.21181999
EXPD,"Expeditors International of Washington, Inc.",Industrials,15671712768,20.67445,21.82456,6.6496406,0.073860005,0.1005
EXR,Extra Space Storage Inc.,Real Estate,33095178240,32.650227,40.013332,2.2702858,0.24412,0.46028
XOM,Exxon Mobil Corporation,Energy,487942881280,13.527675,13.825654,1.8166645,0.09802,0.13274
FFIV,"F5, Inc.",Technology,15313729536,16.96703,27.357069,4.850094,0.20126,0.25844
FDS,FactSet Research Systems Inc.,Financial Services,17249916928,24.4144,32.53853,9.001351,0.24381,0.23386
FICO,Fair Isaac Corporation,Technology,48993697792,54.526203,98.30167,,0.29858,0.4345
FAST,Fastenal Company,Industrials,42499547136,33.921516,36.90796,11.814779,0.15439999,0.20317
FRT,Federal Realty Investment Trust,Real Estate,8895638528,32.96529,30.21221,2.991222,0.24791001,0.35044998
FDX,FedEx Corporation,Industrials,66971631616,12.230323,17.756226,2.4628878,0.0462,0.0764
FIS,"Fidelity National Information Services, Inc.",Technology,42061594624,13.678603,80.54639,2.560464,0.14146,0.2358
FITB,Fifth Third Bancorp,Financial Services,29207486464,12.159125,14.665,1.5937908,0.27583,0.36917
FSLR,"First Solar, Inc.",Technology,20332455936,8.953017,16.372414,2.6775694,0.32412997,0.36275002
FE,FirstEnergy Corp.,Utilities,22608914432,13.577542,25.309677,1.8193201,0.06729,0.22151
FI,"Fiserv, Inc.",Technology,116053786624,20.006573,39.456482,4.189911,0.15222,0.30719
FMC,FMC Corporation,Basic Materials,6678726144,11.538852,4.3888435,1.4494325,0.34931,0.14849
F,Ford Motor Company,Consumer Cyclical,39583928320,5.536317,11.318182,0.8932736,0.01931,0.02678
FTNT,"Fortinet, Inc.",Technology,71311556608,38.415264,46.754272,78.44941,0.26790002,0.31152
FTV,Fortive Corporation,Technology,26912833536,18.636509,31.028,2.5494642,0.14355,0.19379999
FOXA,Fox Corporation,Communication Services,21725077504,12.633653,11.91687,1.978968,0.13399,0.2674
FOX,Fox Corporation,Communication Services,21667239936,19.71915,11.330073,1.8815218,0.13399,0.2674
BEN,"Franklin Resources, Inc.",Financial Services,10199329792,7.6962614,22.9,0.81481016,0.054819997,0.13069999
FCX,Freeport-McMoRan Inc.,Basic Materials,57125154816,20.034773,28.807972,3.2554047,0.07812,0.29042998
GRMN,Garmin Ltd.,Technology,41099108352,27.964983,27.161167,5.478256,0.2548,0.27583
IT,"Gartner, Inc.",Technology,39201968128,38.70377,37.53545,36.99716,0.1733,0.16731001
GE,GE Aerospace,Industrials,194779742208,34.28751,35.427166,10.319973,0.08926,0.18247999
GEHC,GE HealthCare Technologies Inc.,Healthcare,38331645952,18.023167,22.986301,4.608624,0.08564,0.16059999
GEV,GE Vernova Inc.,Utilities,107719671808,58.51673,93.04286,11.324003,0.03675,-0.00247
GEN,Gen Digital Inc.,Technology,16908080128,11.195035,27.71212,8.054903,0.16153,0.41581002
GNRC,Generac Holdings Inc.,Industrials,9556456448,19.385555,33.462498,3.9662194,0.07169,0.14369
GD,General Dynamics Corporation,Industrials,72942395392,16.647892,20.219131,3.1700366,0.07903,0.10205
GIS,"General Mills, Inc.",Consumer Defensive,32131254272,12.731606,12.67174,3.468198,0.12136,0.175
GM,General Motors Company,Consumer Cyclical,57256173568,4.9181194,5.557097,0.8074621,0.06058,0.07857
GPC,Genuine Parts Company,Consumer Cyclical,16306142208,13.633738,15.113401,3.4730077,0.046690002,0.063319996
GILD,"Gilead Sciences, Inc.",Healthcare,114569601024,12.1561775,1021.4444,6.2001753,0.00445,0.41962
GPN,Global Payments Inc.,Industrials,27783219200,8.52766,20.598112,1.2175047,0.13612,0.2663
GL,Globe Life Inc.,Financial Services,9670475776,8.4852,9.762712,2.0929852,0.19037001,0.28285998
GDDY,GoDaddy Inc.,Technology,28037488640,24.545677,16.02809,78.564125,0.41335,0.22159
GS,"The Goldman Sachs Group, Inc.",Financial Services,188962848768,12.2313795,17.642586,1.8374385,0.24648,0.32743
HAL,Halliburton Company,Energy,25199828992,9.379946,10.02972,2.4460645,0.11038999,0.17114
HIG,"The Hartford Financial Services Group, Inc.",Financial Services,32186888192,9.57366,11.136509,1.936531,0.11612,0.14918
HAS,"Hasbro, Inc.",Consumer Cyclical,7802290688,12.780699,,6.0609016,-0.14833,0.23562
HCA,"HCA Healthcare, Inc.",Healthcare,77648191488,12.45273,13.771338,,0.085159995,0.13781999
DOC,"Healthpeak Properties, Inc.",Real Estate,14275632128,55.162163,41.65306,1.667075,0.12109999,0.16525999
HSIC,"Henry Schein, Inc.",Healthcare,8885391360,13.764577,29.206966,2.5461788,0.025120001,0.06553
HSY,The Hershey Company,Consumer Defensive,30806528000,19.64841,17.498852,7.325923,0.16166,0.22027999
HES,Hess Corporation,Energy,45598388224,18.760387,17.248253,4.199966,0.21183,0.33291
HPE,Hewlett Packard Enterprise Company,Technology,30482771968,10.14574,12.0077715,1.3629146,0.06392,0.07808
HLT,Hilton Worldwide Holdings Inc.,Consumer Cyclical,59798016000,30.65716,52.413464,,0.25069,0.50161
HOLX,"Hologic, Inc.",Healthcare,15767861248,14.73067,20.927711,3.1662414,0.17592,0.24355
HD,"The Home Depot, Inc.",Consumer Cyclical,399550480384,25.551275,27.30618,68.88508,0.0945,0.13472
HON,Honeywell International Inc.,Industrials,141802602496,19.91798,25.210983,8.146854,0.15015,0.2207
HRL,Hormel Foods Corporation,Consumer Defensive,16209608704,16.316843,20.085033,2.0579214,0.065170005,0.08943
HST,"Host Hotels & Resorts, Inc.",Real Estate,12381545472,18.95768,16.96602,1.8199333,0.12898,0.08176
HWM,Howmet Aerospace Inc.,Industrials,49129140224,37.776104,46.51154,11.069107,0.14814,0.22452
HPQ,HP Inc.,Technology,30858242048,8.764336,11.709964,,0.053319998,0.07486
HUBB,Hubbell Incorporated,Industrials,23071068160,24.16934,30.99243,7.1761374,0.1333,0.21149
HUM,Humana Inc.,Healthcare,33771071488,16.170294,24.49476,1.9226393,0.011820001,0.02664
HBAN,Huntington Bancshares Incorporated,Financial Services,24639655936,12.451727,16.466019,1.3529035,0.24709,0.37835
HII,"Huntington Ingalls Industries, Inc.",Industrials,7736253952,12.638662,11.163751,1.8406353,0.05987,0.04147
IBM,International Business Machines Corporation,Technology,202427908096,20.393553,31.913265,8.280068,0.10222,0.14130999
IEX,IDEX Corporation,Industrials,16343359488,25.198832,33.410217,4.289576,0.1535,0.22375
IDXX,"IDEXX Laboratories, Inc.",Healthcare,34724847616,35.666046,41.012573,21.501293,0.22530001,0.37455
ITW,Illinois Tool Works Inc.,Industrials,75137613824,23.65223,22.010813,22.15841,0.21663,0.26752
INCY,Incyte Corporation,Healthcare,13932447744,11.890728,803.55554,4.3968873,0.00797,0.14961
IR,Ingersoll Rand Inc.,Industrials,36643868672,25.747143,44.35366,3.57199,0.11715999,0.20698999
PODD,Insulet Corporation,Healthcare,18600996864,67.4578,45.17547,16.637178,0.21215999,0.16198
INTC,Intel Corporation,Technology,83057164288,19.699457,,0.83368975,-0.29423,-0.0104600005
ICE,"Intercontinental Exchange, Inc.",Financial Services,84593500160,22.07826,34.99525,3.1053452,0.26525998,0.4768
IFF,International Flavors & Fragrances Inc.,Basic Materials,21431265280,18.143879,,1.4505997,-0.20331,0.08547
IP,International Paper Company,Consumer Cyclical,19291566080,18.418827,47.46154,2.2355971,0.02253,0.05356
IPG,"The Interpublic Group of Companies, Inc.",Communication Services,10316803072,10.063297,13.06368,2.7689462,0.086540006,0.16194999
INTU,Intuit Inc.,Technology,173962805248,28.149057,60.3965,9.447856,0.18195,0.15697
ISRG,"Intuitive Surgical, Inc.",Healthcare,204998819840,73.2264,92.83064,13.155729,0.28513,0.28325
IVZ,Invesco Ltd.,Financial Services,7579805696,8.946427,,0.7055009,-0.030030001,0.19670999
INVH,Invitation Homes Inc.,Real Estate,18963218432,42.012756,42.993053,1.9123371,0.17238002,0.26127002
IQV,IQVIA Holdings Inc.,Healthcare,35535884288,16.406466,25.76184,5.103349,0.09174,0.14836
IRM,Iron Mountain Incorporated,Real Estate,30987909120,53.80774,293.31943,,0.01748,0.19572
JBHT,"J.B. Hunt Transport Services, Inc.",Industrials,18686824448,26.399534,33.696365,4.671439,0.046469998,0.07304
JBL,Jabil Inc.,Technology,17101798400,15.47534,14.819301,10.257351,0.048060004,0.05327
JKHY,"Jack Henry & Associates, Inc.",Technology,12590585856,27.436747,31.606228,6.5404587,0.17785999,0.25171
J,Jacobs Solutions Inc.,Industrials,16886155264,19.86957,28.485355,2.5568993,0.03717,0.07455
JNJ,Johnson & Johnson,Healthcare,349225287680,13.638043,23.975206,4.9770107,0.16744,0.24516001
JCI,Johnson Controls International plc,Industrials,53054267392,19.6247,38.519234,3.3111544,0.07429,0.14405
JPM,JPMorgan Chase & Co.,Financial Services,708874469376,13.596644,13.996109,2.186626,0.33163,0.43787998
JNPR,"Juniper Networks, Inc.",Technology,12745270272,19.09228,50.651314,2.7435677,0.0497,0.08452
K,Kellanova,Consumer Defensive,28060139520,20.752129,27.225752,7.687695,0.07852,0.15002
KVUE,Kenvue Inc.,Consumer Defensive,40061149184,17.195692,37.99091,3.7614763,0.06883,0.19850999
KDP,Keurig Dr Pepper Inc.,Consumer Defensive,41737969664,15.095913,18.536146,1.6715558,0.15038,0.23181999
KEY,KeyCorp,Financial Services,19967334400,11.655697,Infinity,1.2462877,0.0305,-0.86054003
KEYS,"Keysight Technologies, Inc.",Technology,28466178048,20.364372,46.698864,5.453701,0.18249,0.17091
KMB,Kimberly-Clark Corporation,Consumer Defensive,41909059584,16.488317,16.278498,32.616142,0.1297,0.15246001
KIM,Kimco Realty Corporation,Real Estate,14880338944,29.789217,40.87963,1.414067,0.1958,0.33708
KMI,"Kinder Morgan, Inc.",Energy,65216237568,23.249826,25.977877,2.1448927,0.16765,0.27467
KKR,KKR & Co. Inc.,Financial Services,137709142016,24.427893,46.201237,5.498931,0.107530005,0.2619
KLAC,KLA Corporation,Technology,96140001280,21.758175,32.849636,27.01966,0.28921,0.39413
KHC,The Kraft Heinz Company,Consumer Defensive,34479484928,9.312662,25.689188,0.7133387,0.05243,0.21431999
KR,The Kroger Co.,Consumer Defensive,42837475328,12.483236,15.661376,4.7981844,0.018609999,0.01993
LHX,"L3Harris Technologies, Inc.",Industrials,40589426688,15.061699,33.861153,2.1351569,0.05709,0.098450005
LH,Labcorp Holdings Inc.,Healthcare,19727163392,14.744807,44.670452,2.4162765,0.03426,0.08291
LRCX,Lam Research Corporation,Technology,97376706560,18.344088,24.49191,11.541863,0.2602,0.30331
LW,"Lamb Weston Holdings, Inc.",Consumer Defensive,8530644480,15.804663,23.545277,4.8059306,0.09573,0.12823
LVS,Las Vegas Sands Corp.,Consumer Cyclical,31988074496,15.874978,21.841536,9.335569,0.1329,0.19202
LDOS,"Leidos Holdings, Inc.",Technology,20512735232,14.540473,17.509182,4.4425673,0.07366,0.12291
LEN,Lennar Corporation,Consumer Cyclical,37149364224,8.680728,9.618016,1.3628268,0.11512,0.13887
LII,Lennox International Inc.,Industrials,22524256256,27.205307,30.066093,29.879969,0.14632,0.20125
LLY,Eli Lilly and Company,Healthcare,673196474368,33.121468,80.4044,47.302685,0.20482999,0.39773998
LIN,Linde plc,Basic Materials,203617075200,25.370358,32.4943,5.1978874,0.19328,0.2719
LYV,"Live Nation Entertainment, Inc.",Communication Services,30692728832,45.95995,149.55057,105.97134,0.0201,0.08307
LKQ,LKQ Corporation,Consumer Cyclical,9797892096,10.317406,13.907748,1.5791678,0.049039997,0.09235
LMT,Lockheed Martin Corporation,Industrials,114028060672,17.286253,17.423397,15.768323,0.09363,0.12687
L,Loews Corporation,Financial Services,18272602112,29.093103,11.219416,1.0641894,0.09714,0.15069
LOW,"Lowe's Companies, Inc.",Consumer Cyclical,144719790080,20.23192,21.30507,,0.08248,0.14615
LULU,Lululemon Athletica Inc.,Consumer Cyclical,45790785536,24.576946,27.16763,11.214173,0.16343,0.22784
LYB,LyondellBasell Industries N.V.,Basic Materials,24678283264,10.289818,11.531107,1.799176,0.052729998,0.0777
MTB,M&T Bank Corporation,Financial Services,32839081984,12.128803,14.649889,1.2417341,0.28109,0.42766997
MPC,Marathon Petroleum Corporation,Energy,48735424512,15.324602,11.764158,2.6030383,0.031719998,0.03243
MKTX,MarketAxess Holdings Inc.,Financial Services,8204477440,26.562273,29.445198,5.9215717,0.34320998,0.42646
MAR,"Marriott International, Inc.",Consumer Cyclical,77786423296,26.392982,29.341196,,0.42131,0.58181
MMC,"Marsh & McLennan Companies, Inc.",Financial Services,104499707904,22.390915,26.236437,7.633,0.16822,0.20994
MLM,"Martin Marietta Materials, Inc.",Basic Materials,32401762304,25.397614,16.43876,3.5338387,0.3046,0.2631
MAS,Masco Corporation,Industrials,16629933056,17.483255,20.5,,0.10543,0.18003
MA,Mastercard Incorporated,Financial Services,476097249280,31.67798,39.20786,64.14245,0.45262,0.59301996
MTCH,"Match Group, Inc.",Communication Services,8039933952,9.629496,14.358745,,0.17864001,0.27456
MKC,"McCormick & Company, Incorporated",Consumer Defensive,19187171328,22.949125,24.333334,3.5410585,0.11868,0.17282
MCD,McDonald's Corporation,Consumer Cyclical,201642541056,22.39912,24.682457,,0.3179,0.46974
MCK,McKesson Corporation,Healthcare,74251010048,15.947601,30.213326,,0.0076800003,0.00796
MDT,Medtronic plc,Healthcare,108930539520,14.546357,25.978592,2.218479,0.12055001,0.17511
MRK,"Merck & Co., Inc.",Healthcare,253242261504,10.529039,20.943514,5.695835,0.19229001,0.26198998
META,"Meta Platforms, Inc.",Communication Services,1551273820160,24.174265,28.971712,9.426718,0.35549998,0.42765
MET,"MetLife, Inc.",Financial Services,58883395584,8.824983,17.249495,1.9099382,0.052729998,0.15087
MTD,Mettler-Toledo International Inc.,Healthcare,27065057280,30.314156,34.551186,,0.21148,0.29361
MGM,MGM Resorts International,Consumer Cyclical,9819464704,13.942909,11.820788,3.0295794,0.052410003,0.079679996
MCHP,Microchip Technology Incorporated,Technology,30792153088,23.470663,39.819443,4.9063063,0.14220001,0.12726
MU,"Micron Technology, Inc.",Technology,114547810304,8.010266,29.458452,2.5263546,0.03098,0.19703
MSFT,Microsoft Corporation,Technology,3162351861760,28.332087,35.152065,10.992685,0.35608003,0.46583998
MAA,"Mid-America Apartment Communities, Inc.",Real Estate,18127749120,27.212502,34.036034,2.9692502,0.23878999,0.29549
MRNA,"Moderna, Inc.",Healthcare,13417603072,-4.0120683,,1.1255174,-0.43771,-0.03759
MHK,"Mohawk Industries, Inc.",Consumer Cyclical,8198825472,12.009828,14.6437435,1.0441486,0.052160002,0.08525
MOH,"Molina Healthcare, Inc.",Healthcare,16601441280,11.072025,14.75521,3.4682257,0.030469999,0.0475
TAP,Molson Coors Beverage Company,Consumer Defensive,11254505472,9.139632,12.301802,0.8451707,0.08028,0.16124001
MDLZ,"Mondelez International, Inc.",Consumer Defensive,75718385664,16.902582,20.079788,2.718435,0.10556,0.11147001
MPWR,"Monolithic Power Systems, Inc.",Technology,29594339328,36.67704,68.552536,12.584058,0.21292,0.26451
MNST,Monster Beverage Corporation,Consumer Defensive,48023040000,26.361168,31.653849,8.308935,0.21662001,0.25514
MCO,Moody's Corporation,Financial Services,85019090944,34.968456,42.959705,21.77194,0.29046,0.42029998
MS,Morgan Stanley,Financial Services,210119901184,16.110048,19.82143,2.2392097,0.19205,0.33174
MOS,The Mosaic Company,Basic Materials,8662178816,11.38375,24.132744,0.73407096,0.0324,0.041050002
MSI,"Motorola Solutions, Inc.",Technology,76645031936,31.163067,50.28728,57.724354,0.1466,0.27097
MSCI,MSCI Inc.,Financial Services,46734372864,35.05144,39.1543,,0.43065,0.55868
NDAQ,"Nasdaq, Inc.",Financial Services,44129918976,24.362152,46.253014,3.9856727,0.13667,0.2571
NTAP,"NetApp, Inc.",Technology,24138522624,15.10702,21.865562,21.3428,0.17014,0.19468
NFLX,"Netflix, Inc.",Communication Services,360621408256,35.362885,47.58273,15.87195,0.20701,0.29614002
NEM,Newmont Corporation,Basic Materials,46334918656,10.583855,,1.5670723,-0.07141,0.28187
NWSA,News Corporation,Communication Services,16216016896,27.65674,44.532257,1.9044006,0.034930002,0.088470004
NWS,News Corporation,Communication Services,16194067456,30.48652,49.088707,2.099255,0.034930002,0.088470004
NEE,"NextEra Energy, Inc.",Utilities,143032909824,18.908934,20.639467,2.857759,0.26492,0.35562
NKE,"NIKE, Inc.",Consumer Cyclical,105033023488,28.305046,21.916668,7.396105,0.10599,0.104320005
NI,NiSource Inc.,Utilities,17212475392,19.871956,22.484756,2.062245,0.14631,0.19688
NDSN,Nordson Corporation,Industrials,11937725440,19.130718,25.816895,4.195303,0.17746,0.25397
NSC,Norfolk Southern Corporation,Industrials,54268186624,18.07031,22.480787,3.936748,0.19849001,0.49885
NTRS,Northern Trust Corporation,Financial Services,20932812800,13.433137,13.151308,1.7643768,0.21493,0.30661
NOC,Northrop Grumman Corporation,Industrials,68651491328,16.806412,29.06848,4.6587505,0.05795,0.12885
NCLH,Norwegian Cruise Line Holdings Ltd.,Consumer Cyclical,11564319744,12.50624,23.070175,10.185902,0.0587,0.24628
NRG,"NRG Energy, Inc.",Utilities,21132697600,14.38172,25.823019,11.432877,0.03428,-0.14025
NUE,Nucor Corporation,Basic Materials,28964182016,15.151403,11.871992,1.4147588,0.080520004,0.06895
NVDA,NVIDIA Corporation,Technology,3291835531264,30.247124,53.128654,77.073105,0.55041003,0.62057
NVR,"NVR, Inc.",Consumer Cyclical,25228693504,15.825091,16.852013,5.9083877,0.15898,0.19681999
NXPI,NXP Semiconductors N.V.,Technology,54437675008,16.438396,20.457497,5.7840734,0.20983,0.30462
ORLY,"O'Reilly Automotive, Inc.",Consumer Cyclical,69776564224,26.913576,29.865482,,0.14522,0.20546
OXY,Occidental Petroleum Corporation,Energy,48784453632,14.188791,14.243835,1.8484677,0.16254999,0.25206
ODFL,"Old Dominion Freight Line, Inc.",Industrials,40124813312,32.772533,32.7993,9.622159,0.21027,0.27334
OMC,Omnicom Group Inc.,Communication Services,16717718528,9.834508,11.627869,4.2026362,0.094519995,0.15456
ON,ON Semiconductor Corporation,Technology,23521026048,13.213414,13.707195,2.7391284,0.23795,0.26931
OKE,"ONEOK, Inc.",Energy,62131134464,17.642454,22.58051,3.6868687,0.14047,0.22656
ORCL,Oracle Corporation,Technology,442255310848,22.482933,38.565853,50.053814,0.20396,0.30517998
OTIS,Otis Worldwide Corporation,Industrials,36858265600,21.875814,22.952736,,0.11481,0.16798
PCAR,PACCAR Inc,Industrials,58008662016,13.933018,12.375839,3.1078653,0.13514,0.13919
PKG,Packaging Corporation of America,Consumer Cyclical,21045778432,20.485142,27.31352,4.9013867,0.09458,0.15579
PLTR,Palantir Technologies Inc.,Technology,154330857472,141.95157,338.739,34.181534,0.18009001,0.15594
PANW,"Palo Alto Networks, Inc.",Technology,114615164928,48.466625,45.25,10.983838,0.3211,0.119799994
PARA,Paramount Global,Communication Services,7540034560,6.505359,,0.42458886,-0.18887,0.10816
PH,Parker-Hannifin Corporation,Industrials,84619886592,22.227585,29.625732,6.563842,0.14468999,0.201
PAYX,"Paychex, Inc.",Technology,52075913216,27.224472,30.448421,13.702511,0.31983998,0.41464
PAYC,"Paycom Software, Inc.",Technology,11830195200,23.631916,24.688868,7.6221166,0.25779,0.23206
PYPL,"PayPal Holdings, Inc.",Financial Services,89947889664,18.348248,21.464115,4.4739203,0.14076,0.18185
PNR,Pentair plc,Industrials,16817211392,21.039011,25.445,4.8066115,0.16290002,0.21039
PEP,"PepsiCo, Inc.",Consumer Defensive,198485786624,16.864763,21.337757,10.211039,0.1018,0.18011
PFE,Pfizer Inc.,Healthcare,148985167872,8.971686,35.053333,1.6140717,0.071609996,0.32987
PCG,PG&E Corporation,Utilities,37190959104,11.385996,13.246094,1.3505656,0.110640004,0.21714
PM,Philip Morris International Inc.,Consumer Defensive,182995714048,16.677837,18.681746,,0.26417,0.43425998
PSX,Phillips 66,Energy,48928870400,14.178808,15.130907,1.7035242,0.0228,0.00183
PNW,Pinnacle West Capital Corporation,Utilities,9551937536,18.375694,15.791353,1.4428015,0.122609995,0.31613
PNC,"The PNC Financial Services Group, Inc.",Financial Services,78616600576,13.05958,16.76269,1.590628,0.25107,0.35884
POOL,Pool Corporation,Industrials,13041999872,28.484985,29.417168,9.110992,0.084189996,0.12307999
PPG,"PPG Industries, Inc.",Basic Materials,27177639936,13.447723,18.594444,3.489678,0.08242,0.13311
PPL,PPL Corporation,Utilities,23651938304,17.556833,28.873873,1.6779226,0.09949,0.22167999
PFG,"Principal Financial Group, Inc.",Financial Services,18386139136,9.613499,,1.6402091,-0.01465,-0.079629995
PG,The Procter & Gamble Company,Consumer Defensive,376029216768,21.576881,27.529308,7.3662114,0.17063,0.27763999
PGR,The Progressive Corporation,Financial Services,140749881344,16.77691,17.461119,5.1822577,0.112720005,0.15293999
PLD,"Prologis, Inc.",Real Estate,100971593728,40.872025,32.936554,1.9047785,0.37427,0.40980998
PRU,"Prudential Financial, Inc.",Financial Services,42553970688,8.083558,10.646198,1.3990614,0.056199998,0.028369999
PEG,Public Service Enterprise Group Incorporated,Utilities,43014254592,21.407406,21.21253,2.6713388,0.19482,0.24943
PTC,PTC Inc.,Technology,22389825536,27.005919,59.625,6.951534,0.16373,0.30982
PSA,Public Storage,Real Estate,51259424768,27.49153,30.384735,9.740837,0.40367,0.47022998
PHM,"PulteGroup, Inc.",Consumer Cyclical,23721834496,8.39884,8.536531,2.0542374,0.16635,0.19971001
PWR,"Quanta Services, Inc.",Industrials,48726720512,32.30523,61.01664,6.891009,0.03539,0.06442
QCOM,QUALCOMM Incorporated,Technology,182437330944,13.443848,18.388578,6.956282,0.2603,0.2625
DGX,Quest Diagnostics Incorporated,Healthcare,16825961472,15.4988785,20.289368,2.4796448,0.08816,0.14187999
RL,Ralph Lauren Corporation,Consumer Cyclical,14688110592,17.823555,22.526667,6.0141373,0.10145,0.11431
RJF,"Raymond James Financial, Inc.",Financial Services,32928768000,13.803777,16.575773,2.9729307,0.16187,0.225
RTX,RTX Corporation,Industrials,157832364032,19.51128,34.271675,2.5825982,0.05969,0.11991999
O,Realty Income Corporation,Real Estate,46815039488,36.343994,50.94286,1.2172865,0.1754,0.44883
REG,Regency Centers Corporation,Real Estate,12924569600,34.294964,33.386795,1.9584948,0.27096,0.36887002
REGN,"Regeneron Pharmaceuticals, Inc.",Healthcare,77060915200,15.427197,17.349209,2.5777643,0.33613998,0.33426997
RF,Regions Financial Corporation,Financial Services,22330787840,10.921407,13.881356,1.3190529,0.26693,0.46976003
RSG,"Republic Services, Inc.",Industrials,65331335168,30.55993,33.38,5.82101,0.12458,0.20966
RMD,ResMed Inc.,Healthcare,34186586112,22.597534,30.845694,6.5797873,0.23149,0.3163
RVTY,"Revvity, Inc.",Healthcare,14465500160,23.464197,56.870815,1.8318845,0.093439996,0.14819999
ROK,"Rockwell Automation, Inc.",Industrials,31130419200,24.087545,33.262077,8.904013,0.11526,0.15529001
ROL,"Rollins, Inc.",Consumer Cyclical,22670317568,41.961742,48.257732,17.203236,0.14182,0.20932
ROP,"Roper Technologies, Inc.",Technology,55229370368,25.603031,37.927834,2.9828808,0.21784,0.28142
ROST,"Ross Stores, Inc.",Consumer Cyclical,49124777984,22.073431,23.448032,10.244599,0.09824,0.124680005
RCL,Royal Caribbean Cruises Ltd.,Consumer Cyclical,62632607744,16.06444,23.364414,8.890284,0.16207,0.33483002
SPGI,S&P Global Inc.,Financial Services,153053921280,29.236748,43.49603,4.5026293,0.25792,0.40392
CRM,"Salesforce, Inc.",Technology,309627781120,28.81151,53.213818,5.267065,0.15445,0.20181999
SBAC,SBA Communications Corporation,Real Estate,21441161216,21.251516,31.45268,,0.25759,0.57702
SLB,Schlumberger Limited,Energy,57163833344,11.798653,13.016077,2.6573887,0.12441,0.17959999
STX,Seagate Technology Holdings plc,Technology,19910260736,10.282671,24.321707,,0.11342,0.18635
SRE,Sempra,Utilities,52008390656,15.920905,18.085903,1.8044567,0.22697,0.1531
NOW,"ServiceNow, Inc.",Technology,217637601280,63.557373,165.08138,23.42698,0.12768,0.14945
SHW,The Sherwin-Williams Company,Basic Materials,86981206016,27.277624,34.398903,20.823938,0.11094,0.18434
SPG,"Simon Property Group, Inc.",Real Estate,64600129536,26.499195,22.87899,21.007328,0.41482,0.51851004
SWKS,"Skyworks Solutions, Inc.",Technology,14798289920,12.025294,25.077236,2.3335605,0.17848,0.18763
SJM,The J. M. Smucker Company,Consumer Defensive,10725668864,9.57794,20.361618,1.3911473,0.08771,0.16912001
SW,Smurfit Westrock Plc,Consumer Cyclical,27412221952,14.24744,73.19444,1.5196079,0.01345,0.04302
SNA,Snap-on Incorporated,Industrials,18128664576,17.143602,17.738829,3.312187,0.20402001,0.26527
SOLV,Solventum Corporation,Healthcare,12329666560,13.002369,187.8158,3.8626404,0.08764,0.13064
SO,The Southern Company,Utilities,90441588736,19.125425,19.24098,2.71615,0.17867,0.35139
LUV,Southwest Airlines Co.,Industrials,19767330816,20.040615,,1.8987269,-0.0017499999,0.0027700001
SWK,"Stanley Black & Decker, Inc.",Industrials,12922025984,15.306234,,1.4584494,-0.0133299995,0.074990004
SBUX,Starbucks Corporation,Consumer Cyclical,105602121728,24.989872,28.138973,,0.10396,0.13262999
STT,State Street Corporation,Financial Services,28828469248,10.183635,15.413793,1.257207,0.16847,0.30343
STLD,"Steel Dynamics, Inc.",Basic Materials,19026057216,12.641645,11.23831,2.1059992,0.09799,0.091079995
STE,STERIS plc,Healthcare,20388485120,20.81683,34.65688,3.0922334,0.08164,0.16981001
SYK,Stryker Corporation,Healthcare,139536498688,27.18268,39.273605,6.925173,0.16337,0.21587
SMCI,"Super Micro Computer, Inc.",Technology,17950494720,8.309096,15.251245,3.2891634,0.08085,0.06469
SYF,Synchrony Financial,Financial Services,26331334656,9.884565,8.783116,1.7836796,0.35139,0.46368998
SNPS,"Synopsys, Inc.",Technology,78323130368,29.309889,54.659115,10.096041,0.23111999,0.23608999
SYY,Sysco Corporation,Consumer Defensive,36522651648,15.052496,19.11311,16.544281,0.024360001,0.04262
TMUS,"T-Mobile US, Inc.",Communication Services,250050772992,19.908787,24.59703,3.9057062,0.12964,0.23792
TROW,"T. Rowe Price Group, Inc.",Financial Services,25117296640,11.893453,12.383351,2.4504745,0.30354,0.33613
TTWO,"Take-Two Interactive Software, Inc.",Communication Services,31691016192,23.09232,,5.4614105,-0.66375,-0.19829
TPR,"Tapestry, Inc.",Consumer Cyclical,15785858048,13.383145,19.63478,5.293014,0.12116,0.18932
TRGP,Targa Resources Corp.,Energy,44613509120,26.307127,36.929604,17.354313,0.07774,0.18905
TGT,Target Corporation,Consumer Defensive,61964005376,14.665469,14.340402,4.6480374,0.04182,0.06644
TEL,TE Connectivity plc,Technology,42902822912,15.908214,13.856038,3.481248,0.20151,0.18091999
TDY,Teledyne Technologies Incorporated,Technology,21746030592,21.579554,23.614878,2.2676492,0.16876,0.18947001
TFX,Teleflex Incorporated,Healthcare,8251884544,11.643773,35.32306,1.841249,0.07847,0.19570999
TER,"Teradyne, Inc.",Technology,22005776384,31.776415,43.031845,7.5863223,0.18745,0.21449
TSLA,"Tesla, Inc.",Consumer Cyclical,1344597786624,128.47867,114.7589,19.208933,0.13075,0.107889995
TXN,Texas Instruments Incorporated,Technology,180545994752,32.611095,36.7881,10.453153,0.31601998,0.3734
TPL,Texas Pacific Land Corporation,Energy,32164859904,19.146608,71.684586,30.57436,0.65343004,0.73363
TXT,Textron Inc.,Industrials,14527443968,12.096226,17.135666,2.0898829,0.06301,0.07937
TMO,Thermo Fisher Scientific Inc.,Healthcare,211384811520,23.722385,34.691776,4.3146687,0.14479999,0.18059999
TJX,"The TJX Companies, Inc.",Consumer Cyclical,133831254016,25.864748,28.077833,18.480286,0.08563,0.105579995
TSCO,Tractor Supply Company,Consumer Cyclical,28253947904,24.02452,25.675098,2.4708352,0.07534,0.09359
TT,Trane Technologies plc,Industrials,86521724928,30.394896,35.242897,11.406112,0.12729,0.18761998
TDG,TransDigm Group Incorporated,Industrials,72427569152,29.494205,50.275177,,0.21587,0.43275002
TRV,"The Travelers Companies, Inc.",Financial Services,54482063360,11.413688,12.319764,1.9669778,0.10019,0.13928
TRMB,Trimble Inc.,Technology,17717291008,24.922108,12.132108,3.0329,0.40668,0.13668
TFC,Truist Financial Corporation,Financial Services,59837964288,11.430463,,1.0138099,-0.10678001,0.40328
TYL,"Tyler Technologies, Inc.",Technology,24437999616,52.95932,104.38757,7.459567,0.113929994,0.15244001
TSN,"Tyson Foods, Inc.",Consumer Defensive,19767601152,13.289434,24.666666,1.0738748,0.01501,0.03944
USB,U.S. Bancorp,Financial Services,79046713344,11.616657,15.590769,1.5192946,0.22023001,0.35277
UBER,"Uber Technologies, Inc.",Technology,140092882944,20.964764,32.7734,9.47181,0.10492,0.09483
UDR,"UDR, Inc.",Real Estate,15591769088,80.85442,109.22369,3.9457173,0.07606,0.16603
ULTA,"Ulta Beauty, Inc.",Consumer Cyclical,18819121152,17.159134,16.252504,8.603821,0.10684,0.12899
UNP,Union Pacific Corporation,Industrials,140536446976,19.097118,21.325666,8.483439,0.27326,0.39862
UAL,"United Airlines Holdings, Inc.",Industrials,35140399104,8.402225,12.735398,3.0722563,0.04936,0.10699
UPS,"United Parcel Service, Inc.",Industrials,108481667072,14.494858,19.202644,6.4326234,0.062480003,0.0922
URI,"United Rentals, Inc.",Industrials,48628822016,15.742595,19.37866,5.6739454,0.17125,0.28482
UNH,UnitedHealth Group Incorporated,Healthcare,498379816960,18.129843,35.18843,5.28749,0.03635,0.08637
UHS,"Universal Health Services, Inc.",Healthcare,12159769600,10.149835,12.264472,1.8408097,0.06655,0.09694
VLO,Valero Energy Corporation,Energy,43330985984,16.81088,12.037819,1.7158724,0.028670002,0.01682
VTR,"Ventas, Inc.",Real Estate,24488996864,126.90239,,2.5078447,-0.01386,0.15880999
VLTO,Veralto Corporation,Industrials,25504428032,27.734861,31.928234,13.045945,0.15693,0.23211999
VRSN,"VeriSign, Inc.",Technology,20205025280,24.341335,24.476135,,0.55686,0.68945
VRSK,"Verisk Analytics, Inc.",Industrials,38580256768,37.317245,42.162037,128.93346,0.32650003,0.42975
VZ,Verizon Communications Inc.,Communication Services,160492142592,8.078186,16.50433,1.6661568,0.07298,0.23933001
VRTX,Vertex Pharmaceuticals Incorporated,Healthcare,108128698368,22.486864,,6.9232926,-0.045149997,0.40824002
VTRS,Viatris Inc.,Healthcare,13362239488,4.217573,,0.6751296,-0.0587,0.13884
VICI,VICI Properties Inc.,Real Estate,30644721664,10.628885,10.766666,1.1658312,0.73902,0.98638
V,Visa Inc.,Financial Services,611198369792,24.955723,32.405033,15.720725,0.54955,0.66122
VST,Vistra Corp.,Utilities,59750486016,21.859594,33.135845,20.181568,0.12505001,0.41158
VMC,Vulcan Materials Company,Basic Materials,35286700032,29.440834,41.75,4.4855547,0.114300005,0.21044001
WRB,W. R. Berkley Corporation,Financial Services,22690752512,13.71698,15.267948,2.6937344,0.11956,0.15609999
GWW,"W.W. Grainger, Inc.",Industrials,53526388736,26.103043,29.80206,15.282471,0.10802,0.15634
WAB,Westinghouse Air Brake Technologies Corporation,Industrials,34467385344,23.23792,33.420002,3.3922048,0.10252,0.16523
WBA,"Walgreens Boots Alliance, Inc.",Healthcare,10711782400,7.7302575,,1.0253702,-0.05849,0.02349
WMT,Walmart Inc.,Consumer Defensive,732645163008,33.102367,37.685947,8.759124,0.02339,0.04689
DIS,The Walt Disney Company,Communication Services,196595646464,17.827026,39.911762,1.9592484,0.053049996,0.14913
WBD,"Warner Bros. Discovery, Inc.",Communication Services,24126926848,17.850014,,0.6870416,-0.28342,0.05217
WM,"Waste Management, Inc.",Industrials,83217227776,25.712238,31.654198,10.429327,0.12349,0.20093
WAT,Waters Corporation,Healthcare,23698229248,31.024504,38.047665,14.78058,0.21431999,0.28697002
WEC,"WEC Energy Group, Inc.",Utilities,30112153600,18.199564,23.272615,2.492341,0.15143,0.2132
WFC,Wells Fargo & Company,Financial Services,251243298816,11.671827,15.688149,1.5331789,0.23228,0.31972
WELL,Welltower Inc.,Real Estate,78866800640,67.91153,80.671974,2.582003,0.121190004,0.17371
WST,"West Pharmaceutical Services, Inc.",Healthcare,23628896256,43.792492,48.407272,8.594969,0.17368999,0.22319001
WDC,Western Digital Corporation,Technology,22369036288,7.411697,71.10439,1.9228826,0.02648,0.15403
WY,Weyerhaeuser Company,Real Estate,21463232512,32.81821,40.465755,2.1626766,0.07427,0.053540003
WMB,"The Williams Companies, Inc.",Energy,71019520000,27.562258,24.686441,5.730304,0.27754,0.32817
WTW,Willis Towers Watson Public Limited Company,Financial Services,31557140480,16.992588,,4.2182217,-0.07361,0.16600999
WDAY,"Workday, Inc.",Technology,65430679552,29.374289,40.32459,8.030689,0.19598,0.053239997
WYNN,"Wynn Resorts, Limited",Consumer Cyclical,9047108608,16.620602,9.890157,,0.1337,0.09162
XEL,Xcel Energy Inc.,Utilities,37276917760,16.974482,19.262611,1.925804,0.13667,0.25165
XYL,Xylem Inc.,Industrials,28091727872,24.521467,33.131805,2.6524901,0.098529994,0.13498001
YUM,"Yum! Brands, Inc.",Consumer Cyclical,34892369920,20.56746,23.370094,,0.21127,0.34447
ZBRA,Zebra Technologies Corporation,Technology,20547923968,24.886427,53.97967,6.0019884,0.082040004,0.15618
ZBH,"Zimmer Biomet Holdings, Inc.",Healthcare,20719622144,12.167833,19.862597,1.6787909,0.14265001,0.17997
ZTS,Zoetis Inc.,Healthcare,75473133568,26.090302,31.385555,14.432319,0.26552,0.38526002
